id,ico,nazev
9,47903783,GORDIC spol. s r.o.
25,60741490,Městská poliklinika Otrokovice s.r.o.
37,62415603,OBIS  s.r.o.
45,13033395,František Švaříček
49,62415603,OBIS  s.r.o.
53,26707276,Temposervis CZ a.s.
57,11341068,Sejk Jan
61,48111198,ACTIVA spol. s r.o.
65,11341068,Sejk Jan
69,24765180,TEZAS servis a.s.
73,25352776,KAR-mobil s.r.o.
77,24765180,TEZAS servis a.s.
81,00000493,"VOP CZ, s.p."
85,61506605,"VINARSKI,spol.s r.o."
89,61506605,"VINARSKI,spol.s r.o."
97,26260654,Avenier a.s.
101,26260654,Avenier a.s.
109,26260654,Avenier a.s.
113,63668475,"VICTORIA-AG ART, spol. s r.o."
117,48528790,MOTO MORAVA s.r.o.
121,24250074,Prokservis s.r.o.
125,26424991,KRD-obchodní společnost s.r.o.
129,24250074,Prokservis s.r.o.
133,24250074,Prokservis s.r.o.
137,63073188,Přerost a Švorc - auto
141,11341068,Sejk Jan
145,24250074,Prokservis s.r.o.
149,24250074,Prokservis s.r.o.
157,25255819,Okrouhlický s. r. o.
161,04356411,GW JIHOTRANS a.s.
165,46504796,Tiskárny Havlíčkův Brod a.s.
169,26829941,RAL PNEU s.r.o.
181,70890366,Plzeňský kraj
185,63604566,Petr Habětínek
189,63604566,Petr Habětínek
193,61860476,Sodexo Pass Česká republika a.s.
197,42937256,ANZA s.r.o.
201,00263265,Obec Višňová
205,47676795,AutoCont CZ a.s.
209,15283844,Roman Maroš
213,29414075,BAUING KV s.r.o.
221,25849638,"Infos Art, s.r.o."
229,29374928,"FIDEM, s.r.o."
233,24765180,TEZAS servis a.s.
237,43383513,Svaz vodovodů a kanalizací Žďársko
241,25352776,KAR-mobil s.r.o.
245,24765180,TEZAS servis a.s.
249,24765180,TEZAS servis a.s.
253,26230283,BAPO s.r.o.
261,49356089,AVE CZ odpadové hospodářství s.r.o.
265,76424286,Jiří Pytlík
269,60458500,Zeměměřický úřad
277,,"INTERNEXT 2000, s.r.o."
285,63604566,Petr Habětínek
289,25450131,"Liberecká IS, a.s."
293,46956646,MDDr. Bedřich Fridrich
297,48948624,G IMPULS Praha spol.s.r.o.
301,28998081,"UNISSA plus, SE"
305,68334796,Místní skupina polského kulturně - osvětového svazu v Jablunkově
309,71170707,Základní organizace odborového svazu státních orgánů a organizací při Městském úřadu Nové Město na Moravě
313,46744959,Obec Jeřmanice
317,00262820,Město Hodkovice nad Mohelkou
321,00275786,Obec Jesenný
325,42741017,"PAX, spol. s r.o."
329,68898878,"Vodní záchranná služba ČČK Těrlicko, pobočný spolek"
337,70891508,Liberecký kraj
341,00276006,Obec Poniklá
345,26290944,COMFOR STORES a.s.
349,29078172,SEOS
353,46825754,Hnat
357,47714972,Statek Bor
365,26450691,Makro
373,27689310,Mikulovská rozvojová s.r.o.
377,,BRAIN computers s.r.o.
381,00262315,Obec Držkov
385,26260654,Avenier a.s.
389,29026121,ARAMY s.r.o.
393,29026121,ARAMY s.r.o.
397,29026121,ARAMY s.r.o.
401,27577171,PRAGA-Export s.r.o.
405,02807351,PAVELA s.r.o.
409,00260576,Město Jablonné v Podještědí
413,00262340,Statutární město Jablonec nad Nisou
417,25063138,OMNIPOL a.s.
421,00262358,Obec Janov nad Nisou
425,27376516,"PREdistribuce, a.s."
429,28497481,DiaSorin Czech s.r.o.
433,71235698,"Dům dětí a mládeže, Rychnov nad Kněžnou, Poláčkovo náměstí 88"
437,27939031,Eppendorf Czech and Slovakia s.r.o.
441,00262579,Město Smržovka
445,00263061,Město Osečná
449,00262501,Obec Pěnčín
453,00831417,Obec Bílý Potok
457,13642464,"GEMO OLOMOUC, spol. s r.o."
461,43383513,Svaz vodovodů a kanalizací Žďársko
465,24123641,Skanska Asfalt s.r.o.
473,61342441,Ján Berky
473,27260526,E S B a.s.
473,25032739,"H - REKULTIVACE, a.s."
473,26160277,"KHL-EKO, a.s."
473,61342599,Baratali Lali
473,03847306,Lesgeo s.r.o.
473,72711507,Lothar Lorenz
473,44569769,"REKULTIVAČNÍ VÝSTAVBA Most, a.s."
473,28740378,Stavby a údržba krajin s.r.o.
477,62913671,Le Cheque Déjeuner s.r.o.
497,40743624,"ELEKTRO S.M.S., spol. s r.o."
501,00275646,Obec Bukovina u Čisté
505,00276286,OBEC VYSKEŘ
509,00275581,Obec Benecko
525,61860476,Sodexo Pass Česká republika a.s.
533,25112775,SERVODATA a.s.
537,68292970,Roman Šimůnek
541,64509214,FOSAN s.r.o.
545,25953702,SIGREEN s.r.o.
549,2574068,"Auto Štěpánek, a.s."
557,72969717,Petr Slánský
561,25691970,"VELAZ, s.r.o."
577,62913671,Le Cheque Déjeuner s.r.o.
581,26196620,"Středočeské vodárny, a.s."
585,26196620,"Středočeské vodárny, a.s."
589,27198413,AKORD služby s.r.o.
593,48583391,"INDUSTRY MEASURING,spol. s r.o.,ve zkratce INMES,spol. s r.o."
597,47052121,Linhart spol. s r.o.
601,15526194,"VSM, spol. s r.o."
605,00297852,Město Frenštát pod Radhoštem
609,00433918,Územní sdružení Českého zahrádkářského svazu Karviná\n
613,22858351,"Moravský lesnický klastr, z.s."
617,48426083,"Junák – český skaut, středisko Evžena Cedivody Karviná, z.s."
621,26778921,"TZB- Plus, spol. s r.o."
625,05016991,Dikamo invest s.r.o.
629,24128376,"Amper Market, a.s."
633,24128376,"Amper Market, a.s."
637,24128376,"Amper Market, a.s."
641,24729035,"ČEZ Distribuce, a. s."
645,15526194,"VSM, spol. s r.o."
649,64827496,SIMED s.r.o.
653,04621611,Tesco Franchise Stores ČR s.r.o.
657,26196620,"Středočeské vodárny, a.s."
661,46356991,"Vodárny Kladno - Mělník, a.s."
665,26196620,"Středočeské vodárny, a.s."
669,26196620,"Středočeské vodárny, a.s."
673,25632213,PROGASTRO s.r.o.
677,25632213,PROGASTRO s.r.o.
681,24739464,KT ING s.r.o.
685,63 43 44 58,"Základní škola Břeclav, Komenského 2, příspěvková organizace"
689,48035599,SWIETELSKY stavební s.r.o.
693,15922766,Ing. Viktor Kotrubenko
697,26475677,ATAK - Úklidový servis s.r.o.
705,26475677,ATAK - Úklidový servis s.r.o.
709,61504513,"ELTES,s.r.o."
713,28111265,AL - SYSTEM EXPO s.r.o.
717,49704362,"ASIANA, spol. s r.o."
721,60827475,Výstaviště České Budějovice a.s.
725,29124107,Striker digital czech s.r.o.
733,,Agrární komora Pelhřimov
737,45270970,Thermo Fisher Scientific (Praha) s.r.o.
741,29383161,ExaSoft Holding a.s.
753,00279846,Město Žamberk
757,,"Sodexho Pass ČR, a.s."
761,,"Sodexho Pass ČR, a.s."
773,,"Sodexho Pass ČR, a.s."
777,10509372,Pavel Charousek
781,62244892,ABCD Služby školám s.r.o.
785,67859003,Jiří Daniel
789,61504297,"L D Aviation Prague, s.r.o."
793,48895288,Základní škola Měřín
797,75000717,"Základní škola a mateřská škola Olešná, okres Pelhřimov"
801,62156489,Mendelova univerzita v Brně
805,62156489,Mendelova univerzita v Brně
809,25135228,Fresenius Kabi s.r.o.
813,25509187,TS služby s.r.o.
821,25135228,Fresenius Kabi s.r.o.
829,,"Sodexho Pass ČR, a.s."
833,25819909,MADT a.s.
837,27469468,PROGLES s.r.o.
841,00565474,BAYER s.r.o.
845,43380123,"Základní škola Žďár nad Sázavou, Švermova 4"
849,71004068,"Mateřská škola Krucemburk, okres Havlíčkův Brod"
853,47366354,"Základní škola a mateřská škola Jihlava, Nad Plovárnou 5, příspěvková organizace"
857,75015196,Mateřská škola Korálky Havlíčkův Brod
861,47616474,Mgr. Norbert Hrušovský
865,14860333,Vladimír Francúz
869,28723295,"KLIMAaktiv, s.r.o."
873,70983780,Základní škola a Mateřská škola Lukavec
881,48460362,Základní škola Třešť
885,75000814,"Základní škola Otokara Březiny Počátky, okres Pelhřimov"
889,70940223,"Mateřská škola Třebíč, ul.Okružní, příspěvková organizace"
893,70940142,"Mateřská škola ""Čtyřlístek"" Třebíč, Kubišova ul., příspěvková organizace"
897,48586366,"AMEDIS, spol. s r.o."
901,71390901,Radim Hudec
905,,Na základě § 5 odst. 6 ZRS vyloučeno z uveřejnění
909,70944938,Základní škola Přibyslav
913,71005242,"Základní škola a Mateřská škola Dalešice, okres Třebíč, příspěvková organizace"
917,75133881,"Základní škola Police, příspěvková organizace"
921,70885745,"Základní škola a mateřská škola Lesonice, okres Třebíč, příspěvková organizace"
925,47366303,"Základní škola T.G. Masaryka, Jihlava, příspěvková organizace"
929,70891656,"Základní škola a Mateřská škola Bohuslava Reynka, Lípa, příspěvková organizace"
933,48398195,AREA.stavby s.r.o.
937,,Martina Anna Koníčková
941,,Martina Anna Koníčková
945,28608909,"ATRIS, s.r.o."
949,27346471,Labská plavební společnost s.r.o.
953,70283044,Základní škola a mateřská škola Čáslavice
957,70942994,Mateřská škola Jaroměřice nad Rokytnou
961,48526096,Základní škola Okříšky
965,70997845,Základní škola a Mateřská škola Oudoleň
969,45244782,"Česká spořitelna, a.s."
973,28572327,Designtec s.r.o.
977,45244782,"Česká spořitelna, a.s."
981,71002651,"Základní škola a mateřská škola Dolní Cerekev, příspěvková organizace"
985,75001225,"Základní škola Kamenice nad Lipou, okres Pelhřimov"
989,70659133,Základní škola a Mateřská škola Hořepník
993,70993165,"Mateřská škola Mozaika Jihlava, Březinova 114, příspěvková organizace"
997,47443669,"Základní škola Otokara Březiny Jaroměřice nad Rokytnou, Komenského nám. 120 okres Třebíč"
1001,70987891,Základní škola a Mateřská škola Nová Říše příspěvková organizace
1005,70871761,"Centrální školní jídelna Třebíč, Sirotčí 1341"
1009,71001832,"Základní škola a mateřská škola Okrouhlice, okres Havlíčkův Brod"
1013,43380662,"Základní škola a mateřská škola Křižanov, příspěvková organizace"
1017,70911029,"Základní škola Havlíčkův Brod, V Sadech 560"
1021,25317075,STUDENT AGENCY k.s.
1025,60418494,"Základní škola a Praktická škola Moravské Budějovice, Dobrovského 11"
1029,70987556,"Základní škola a Mateřská škola Větrný Jeníkov,  příspěvková organizace"
1033,70836329,Základní škola a Praktická škola Chotěboř
1037,70156719,"Školní jídelna Chotěboř, Smetanova 603, okres Havlíčkův Brod"
1041,67008399,"Základní škola Třebíč, Benešova 585"
1045,70885907,"Základní škola a Mateřská škola Šebkovice,  příspěvková organizace"
1049,48398195,AREA.stavby s.r.o.
1053,47443936,"Základní škola Třebíč, Cyrilometodějská 22"
1057,00406741,Fotbalová asociace ČR
1061,25168860,AB plus CZ s.r.o.
1065,45790221,P & J Music s.r.o.
1069,63621347,Barek
1073,64830454,SYSTHERM s.r.o.
1077,43906753,Svoboda
1081,690613/0099,Wagner
1085,45272956,Česká pojišťovna a. s.
1089,62415603,OBIS  s.r.o.
1097,,fyzická osoba
1101,03920071,"Institut pro veřejné zadavatele, s. r. o."
1105,28717708,"Brána Trojzemí, o.p.s."
1109,,Městská část Praha 11
1117,24119610,Randi Group s.r.o.
1121,,Městská část Praha 11
1125,,Městská část Praha 11
1133,00854816,"Středisko volného času dětí a mládeže Semily, příspěvková organizace"
1137,25924745,"PARASHOP, s.r.o."
1141,63604566,Petr Habětínek
1145,66811775,Petr Zackl
1149,28486480,"OTTA - vzduchotechnika a klimatizace, s.r.o."
1153,28738861,SiJaMo s.r.o.
1157,28738861,SiJaMo s.r.o.
1161,00177016,Český metrologický institut
1165,00000493,"VOP CZ, s.p."
1169,41194403,"TTC TELEKOMUNIKACE, s.r.o."
1173,25370961,"VOP GROUP, s.r.o."
1177,24308480,VUES Brno s.r.o.
1181,25504487,"RAPOS, spol. s r.o."
1193,24711560,MELVI s.r.o.
1197,28351363,Caleum a.s.
1201,49175360,Ing. Pavel Gregorič
1205,03589277,BeePartner a.s.
1209,61060631,"VITA software, s.r.o."
1217,11612916,Jaromír Tichý
1221,,Jaroslav Zadražil
1225,67494765,Petr Hledík
1229,,"DiaSorin Czech,s.r.o."
1233,28142292,PRAVO s.r.o.
1237,61860476,Sodexo Pass Česká republika a.s.
1241,49356089,AVE CZ odpadové hospodářství s.r.o.
1245,49356089,AVE CZ odpadové hospodářství s.r.o.
1249,29232449,ABI-EPG s.r.o.
1253,26901161,"J plus Z servis, s.r.o."
1257,13073281,PAVEL DVOŘÁK
1261,26901161,"J plus Z servis, s.r.o."
1265,61597741,Zdeněk Orel
1269,25006096,"DEKONTA, a.s."
1273,22773134,ADP Trans s.r.o.
1277,,FYZICKÁ OSOBA
1281,64942503,OFFICE DEPOT s.r.o.
1285,,Česká jezdecká federace
1293,27675645,C SYSTEM CZ a.s.
1297,45476012,"Clarima, s.r.o."
1305,,Josef Leibetseder
1309,48034096,PE Systems s.r.o.
1321,26342596,"Sportovní areál Zruč, s.r.o."
1325,73435023,"Martin Sýkora, Opravy prádelenského zařízení"
1333,,Kraj Vysočina
1341,73435023,"Martin Sýkora, Opravy prádelenského zařízení"
1345,00569224,DEWETRON-PRAHA spol. s r.o.
1349,44015542,SECURITY TECHNOLOGIES a.s.
1353,01800710,"MAGTRADE, s.r.o."
1357,73988081,Liana Špatenková
1361,18828507,REDA a.s.
1365,25014871,ARTESO spol. s r.o.
1369,62241834,"WAKOS, s.r.o."
1377,64800041,Luděk Špatenka
1381,73988081,Liana Špatenková
1385,63839172,"CESNET, zájmové sdružení právnických osob"
1389,25868349,TESPO - TOPENÁŘSKÉ CENTRUM s.r.o.
1393,64216764,Hynek Bláha
1397,64216764,Hynek Bláha
1413,25272641,JUOL s.r.o.
1417,25629646,"TEVA Pharmaceuticals CR, s.r.o."
1421,02338696,OTS group s.r.o.
1425,76424286,Jiří Pytlík
1429,46348395,"MIT, spol. s r. o."
1433,,Hynek Navrátil - CIRKUS HUMBERTO
1437,DE151271723,Layertec optical GmbH
1441,26184125,"Česká infrastrukturní, a.s."
1445,00090352,"Masarykovo muzeum v Hodoníně, příspěvková organizace"
1449,68383622,"Umění bez bariér, o.s."
1453,63077639,"Wolters Kluwer ČR, a.s."
1461,70890692,MSK registr smluv (Moravskoslezský kraj)
1465,28142292,PRAVO s.r.o.
1469,61860476,Sodexo Pass Česká republika a.s.
1473,47538856,JOHNNY SERVIS s.r.o.
1477,00565474,BAYER s.r.o.
1485,45274924,"EUROVIA CS, a.s."
1489,14889811,ITS akciová společnost
1493,44941943,Slezský aeroklub Zábřeh\n
1497,14614651,Tělovýchovná jednota Slovan Frenštát p/Radhoštěm
1501,70031011,Basketbalový  klub Příbor\n
1505,66739926,Beskydský tenisový klub
1509,44555601,Univerzita Jana Evangelisty Purkyně v Ústí nad Labem
1513,66739926,Beskydský tenisový klub
1517,61326151,"AGIS, spol. s r.o."
1521,22818227,Ostrava Steelers
1525,26531003,Young Life Česká republika o.s.
1529,00548979,Český svaz házené
1533,41032250,"LK Baník Ostrava, o.s."
1537,01482840,Tatra Trucks a.s.
1541,61860476,Sodexo Pass Česká republika a.s.
1545,03602672,"BforB, spol. s r.o."
1549,24745391,Edenred CZ s.r.o.
1553,72496991,Úřad práce České republiky
1557,26385759,MIRAS - stavitelství a sanace s.r.o.
1561,,B Braun Mediacal s.r.o.
1565,64653137,"ELA LITVÍNOV, spol s  r. o."
1569,00259454,Město Kynšperk nad Ohří
1573,,SYSMEX CZ s.r.o.
1577,26697904,BARIA s.r.o.
1581,62913671,Le Cheque Déjeuner s.r.o.
1585,,Na základě § 5 odst. 6 ZRS vyloučeno z uveřejnění
1589,01947745,Painting solution s.r.o.
1593,,Svoboda Matěj
1597,,Čekľovský Michal
1601,19010290,"PHARMOS,a.s."
1609,,Stanislav Trenčan
1613,19010290,"PHARMOS,a.s."
1617,,Na základě § 5 odst. 6 ZRS vyloučeno z uveřejnění
1621,01541099,MICHAL stavby s.r.o.
1625,DE151271723,Layertec optical GmbH
1633,19010290,"PHARMOS,a.s."
1637,01943308,RZ WOODWIND MANUFACTURING s.r.o.
1641,46967567,DEGAS s.r.o.
1657,45359326,"PHOENIX LV,a.s."
1661,25099019,"PROMEDICA PRAHA GROUP,a.s."
1669,27146928,"Janssen-Cilag,s.r.o."
1673,00494453,Česká provincie Kongregace Dcer Božské Lásky
1677,,Na základě § 5 odst. 6ZRS vyloučeno z uveřejnění
1681,64826996,D A B O N A s.r.o.
1689,45359326,"PHOENIX LV,a.s."
1697,27117804,"AMGEN,s.r.o."
1701,70890005,"Povodí Labe, s.p."
1709,49617052,ROCHE s.r.o.
1713,15496155,Zdeněk Mutina
1717,45359326,"PHOENIX LV,a.s."
1721,00494453,Česká provincie Kongregace Dcer Božské Lásky
1725,45359326,"PHOENIX LV,a.s."
1733,10367276,Jaroslav König
1737,25821491,GRODA s.r.o.
1741,,ROCHE s.r.o.
1745,,ROCHE s.r.o.
1749,,Polák Lukáš
1753,,Na základě § 5 odst. 6ZRS vyloučeno z uveřejnění
1757,61860476,Sodexo Pass Česká republika a.s.
1765,,Novák František
1769,48168769,AUTOSPOL spol. s r.o.
1773,27271552,UPTIME s.r.o.
1777,63471507,BioVendor - Laboratorní medicína a.s.
1781,26427389,Alcon Pharmaceuticals (Czech Republic) s.r.o.
1785,49285271,"SOLIDA, spol. s r.o."
1789,70890749,KruV - RS (Kraj Vysočina)
1793,25285262,CHRPA stavební společnost s r. o. Pardubice
1797,26258412,"ELISABETH  PHARMACON, spol. s r.o."
1801,25231405,"Grimed, s.r.o."
1805,26178109,Networksys a.s.
1809,41299507,František Uhlík
1813,03132048,Jan Päckert
1817,69901775,Tomáš Knedlík
1821,19010290,"PHARMOS,a.s."
1825,13360779,Miroslav Jarolímek
1829,60470291,ISS Facility Services s.r.o.
1833,61860476,Sodexo Pass Česká republika a.s.
1837,45310815,"FITAZ, s. r. o."
1837,27680754,"NACKO GROUP, spol. s r. o."
1837,44851057,"PHAR SERVICE, a.s."
1841,60470291,ISS Facility Services s.r.o.
1845,26682443,"DYNEX LABORATORIES, s.r.o."
1849,25099019,"PROMEDICA PRAHA GROUP,a.s."
1853,44848200,SANOFI-AVENTIS  s.r.o
1857,25145444,ICZ a.s.
1861,45359326,"PHOENIX LV,a.s."
1865,14707420,Alliance Healthcare
1869,14707420,Alliance Healthcare
1873,14707420,Alliance Healthcare
1877,14707420,Alliance Healthcare
1881,70939331,"Mateřská škola Luční Semily, příspěvková organizace"
1885,00854727,"Waldorfská mateřská škola Semily, příspěvková organizace"
1889,49617052,ROCHE s.r.o.
1893,49617052,ROCHE s.r.o.
1901,49617052,ROCHE s.r.o.
1905,25965123,Nábytek Styl spol. s r.o.
1909,,Kaucký
1913,760828/3815,Press
1917,22886842,občanské sdružení Hlasohled
1921,00565474,BAYER s.r.o.
1929,00240079,Město Brandýs nad Labem - Stará Boleslav
1933,25135228,Fresenius Kabi s.r.o.
1937,,fyzická osoba
1941,29353181,SD nářadí s.r.o.
1945,11540672,Aleš Přibyla
1949,,Webdevel s. r. o.
1953,61860476,Sodexo Pass Česká republika a.s.
1957,64051561,GENOR Finance s.r.o.
1961,28714199,"Autocentrum Nord, a.s."
1965,61860476,Sodexo Pass Česká republika a.s.
1969,65069200,Pavel Hrdlička
1973,25322303,FORTE a.s.
1977,88522407,Ivan Sekanina
1981,45235279,"Aeroklub FRÝDLANT n.O., občanské sdružení"
1985,45234663,"Domov pro seniory Osoblaha, PO"
1985,00296279,Obec Osoblaha
1989,01793004,Architectus s.r.o.
1997,27356248,PATOK a.s.
2001,26236176,AEC a.s.
2005,00854816,"Středisko volného času dětí a mládeže Semily, příspěvková organizace"
2009,71183680,"Sportovní centrum Semily, příspěvková organizace"
2013,00856134,"Dětské centrum Semily, příspěvková organizace"
2017,43389635,"SINGO, spol. s r.o."
2021,26943344,"ALEX kovový a školní nábytek, s.r.o."
2025,26682443,"DYNEX LABORATORIES, s.r.o."
2029,14864878,"ULIMEX, spol. s r.o."
2037,29029210,Energy Benefit Centre a.s.
2041,48035599,SWIETELSKY stavební s.r.o.
2045,04692811,POETREE s.r.o.
2049,60793716,TS a.s.
2053,62414402,Purum s.r.o.
2057,61860476,Sodexo Pass Česká republika a.s.
2065,14573300,Hepnar Luboš
2073,42727243,"Nalžovický zámek, poskytovatel sociálních služeb"
2077,,Petr Zbuzek
2081,29451914,Alliance Laundry CE s.r.o.
2085,27916693,CCS Česká společnost pro platební karty s.r.o.
2089,47286334,JMV tech s.r.o.
2093,00274046,Statutární město Pardubice
2097,,Zbyněk Werner
2101,49679139,Auto SAS s.r.o.
2109,19010290,"PHARMOS,a.s."
2117,65784553,Ladislav Lax
2125,,Milan Kratzer
2129,46508147,"THT Polička, s.r.o."
2133,28316550,K a K Servis chlazení s.r.o.
2137,12802255,Jiří Hasman-Výtahy Most
2141,,Pavol Ivan
2145,,Petr Jakubičko
2149,,Ing. Jan Urbánek
2153,44794053,CHROMSPEC spol. s r. o.
2157,28446747,KODAŇSKÁ OFFICE CENTER
2165,,Štefan Matúšek
2169,25496565,"Frýdlantská vodárenská společnost,a.s."
2173,12081299,Ing. Ivo Hrdlička
2181,00203459,"ARGUS, spol. s r.o."
2185,25815458,FENBAU s.r.o.
2189,00571024,PCS spol. s r.o.
2193,27608875,ECOVIS blf s.r.o.
2197,13363034,Jaroslav Fišer - Klimamont
2201,12782513,Jaroslav Rous
2205,61860476,Sodexo Pass Česká republika a.s.
2209,60486368,AZX spol. s r.o.
2213,45234663,"Domov pro seniory Osoblaha, PO"
2217,,Zdeněk Macoun
2225,,JUTA a.s.
2233,,Harmanec-Kuvert spol. s.r.o.
2237,45193525,"Těšínská tiskárna, a. s."
2241,63488191,BossCan ComPrint spol. s r.o.
2245,61860476,Sodexo Pass Česká republika a.s.
2249,,Zbyněk Buriánek
2253,,Jiří Řehák
2257,,PhDr. Václav Hradecký
2261,,Marcel Kunc
2265,,Karel Řezníček
2269,61860476,Sodexo Pass Česká republika a.s.
2273,02795281,"Operátor ICT, a.s."
2277,,"Lucie Morávková, DiS."
2281,49617052,ROCHE s.r.o.
2285,25042751,SaM silnice a mosty Děčín a.s.
2289,45359326,"PHOENIX LV,a.s."
2297,,Josef Šedý
2301,,Valentin Čořič
2305,,Jaroslav Vávra
2313,66596386,Petr Řihák
2317,02327287,CIPRAG PARTNER ENGINEERING s.r.o.
2321,,Petr Melichar
2325,,Vlasta Svobodová
2329,27068641,"Olympus Czech Group, s.r.o., člen koncernu"
2333,,SEFTIMA INVEST s.r.o.
2337,,SEFTIMA INVEST s.r.o.
2341,,Miloslav Dokulil
2345,,Bc. Milan Fedorko
2349,,RSDr. Pavel Teska
2353,,Marcela Šubrtová
2357,60850213,Povltavská stavební společnost s.r.o.
2361,27558657,ROYAL TECH s.r.o.
2365,,Ing. Miroslav Polák
2369,,Tomáš Lejsek
2373,70157898,Krkonoše - svazek měst a obcí
2381,45359326,"PHOENIX LV,a.s."
2385,47146206,RNDr. Tomáš Raiter - výzkum ve zdravotnictví
2389,,Fyzická osoba
2393,27346471,Labská plavební společnost s.r.o.
2401,26108658,SLADOVNA PÍSEK o.p.s.
2405,00291463,Město Uherský Brod
2409,28853911,"PROTEQ PLUS, a.s."
2413,14707420,Alliance Healthcare
2417,60277289,HITO spol. s r.o.
2421,00291463,Město Uherský Brod
2425,46353259,"Gastro instant, spol. s r.o."
2429,14707420,Alliance Healthcare
2433,16422015,Ludmila Nováčková
2437,14703700,"MALKOL CZO, spol. s r.o."
2441,46744282,"Tělovýchovná jednota BÍLÍ TYGŘI LIBEREC, z.s."
2445,60111461,QUITTNER  SCHIMEK s.r.o.
2449,45359326,"PHOENIX LV,a.s."
2453,45359326,"PHOENIX LV,a.s."
2457,25401343,"SYBAN, s.r.o."
2461,25267027,"Zich a spol., s.r.o."
2465,41411927,Jaroslav Žálčík
2469,,Liechtensteinische Post AG
2473,26255618,DIRS Brno s.r.o.
2477,11089661,Mgr. Ilona Šulcová TaPŠ ILMA
2481,26157284,IPPOS BOHEMIA s.r.o.
2489,27869032,brainz.cz s.r.o.
2497,25830210,"Colour Production, spol. s r.o."
2509,25716964,"Geometry Global, s.r.o."
2513,02120356,2P Gastro spol. s r.o.
2517,62525310,PROMPT 2 SERVIS v.o.s.
2521,25099019,"PROMEDICA PRAHA GROUP,a.s."
2533,24784834,ORSmix s.r.o.
2537,45359326,"PHOENIX LV,a.s."
2541,11089661,Mgr. Ilona Šulcová TaPŠ ILMA
2545,,ORSmix s.r.o.
2549,04816072,"Píseckem, s.r.o."
2553,25555952,"Haemonetics CZ, spol. s r.o."
2557,70937991,Liberecký krajský fotbalový svaz
2561,29026121,ARAMY s.r.o.
2565,28602170,1. VAPKA s.r.o.
2577,,KVEL spol. s r.o.
2585,00262871,Město Chrastava
2589,67441076,ZO ČSOP JARO Jaroměř
2601,45535124,"ŠTĚPÁNEK, spol. s r.o."
2605,27711277,CDP PLAST s.r.o.
2609,24119610,Randi Group s.r.o.
2613,64634752,Petr Vodáček - ELPEVO
2617,62743881,"Chládek Tintěra, a.s."
2621,24745391,Edenred CZ s.r.o.
2633,27597075,"UNIPETROL RPA, s.r.o."
2653,69398631,Ing. Naděžda Hájková
2657,00262552,Město Rychnov u Jablonce nad Nisou
2665,00262625,Obec Zlatá Olešnice
2669,04624041,"DELTA facility, s.r.o."
2701,00481491,Obec Zdislava
2709,13363034,Jaroslav Fišer - Klimamont
2713,27399508,XERTEC a.s.
2717,00276227,MĚSTO TURNOV
2721,,Vladimír Grof
2725,00263192,Obec Světlá pod Ještědem
2729,25895443,Auto Kubíček s.r.o.
2733,27523934,MIROS MAJETKOVÁ a.s.
2737,63496887,"IP - TRADING, s. r. o."
2741,00263095,Obec Pěnčín
2745,12985082,Bednář Milan
2749,45317054,"Komerční banka, a.s."
2753,15559301,Svatopluk Máša
2757,,"Zelená Milena ,Ing."
2761,,"Maurerová Tamara ,Mgr."
2765,26450691,Makro
2769,47633832,Pavel Hadamčík
2773,,Novotná Jana
2777,,"Pípal Pavel ,Ing."
2781,,Bodlák Jan
2789,,Kendralová Marta
2793,14707420,Alliance Healthcare
2797,25309749,"HZZ, a.s."
2805,10367284,Václav König
2821,15337880,Karel Jandák
2829,25407317,"STAVO - UNION, stavební společnost s r.o."
2833,44569165,Sodexo  s.r.o.
2837,48035599,SWIETELSKY stavební s.r.o.
2845,41601645,"Inženýrské stavby Brno, spol. s r.o."
2849,60110422,"Tritón Pardubice, spol. s r.o."
2853,25836668,"EKOAQUA plus, spol. s r.o."
2857,,LaparoTech Instruments s.r.o.
2861,60139374,Juraj Pirohanič
2865,04179960,"Siemens Healthcare, s.r.o."
2869,40743624,"ELEKTRO S.M.S., spol. s r.o."
2873,14707420,Alliance Healthcare
2877,28893204,KALNEX CZ s.r.o.
2881,00027642,"OBZOR, výrobní družstvo invalidů v Praze"
2885,61328987,INEX Česká republika s.r.o.
2889,28893204,KALNEX CZ s.r.o.
2893,49977202,VV TOP s.r.o.
2901,,Obec Staré Místo
2905,,Tomáš Bečka
2909,,Orthacker Petr
2913,48397555,MAVA spol. s r.o.
2917,70890749,KruV - RS (Kraj Vysočina)
2921,47903783,GORDIC spol. s r.o.
2925,46708456,Báňské projekty Teplice a.s.
2933,48035599,SWIETELSKY stavební s.r.o.
2941,70516197,Hodonínské mažoretky
2945,,Mrklovský Petr
2949,27675645,C SYSTEM CZ a.s.
2953,,Ing. Toman Vlastimil
2957,25881370,Morcinek s.r.o.
2961,26519313,Veteran Car club Ostrava
2965,02015617,Petra Hrbková
2969,24729035,"ČEZ Distribuce, a. s."
2973,63320461,TESTCAR s.r.o.
2977,03466116,Chirurgie VM s.r.o.
2981,12195804,Jirgl Karel
2997,14868571,TJ Šroubárna Žatec
3001,,Jiřina Horčičková
3005,,JUDr. Vilém Zahrádka
3009,,Jaroslav Havrda
3013,,Martin Zálabský
3017,,Jitka Janatová
3021,60162694,Fakturace (Ministerstvo obrany)
3025,25395351,C.B.A. spektrum spol. s r.o.
3029,,Iveta Dvorská
3033,,Iva Svárovská
3037,,Milan Jágr
3041,49286838,"AGRICO, s.r.o."
3045,60912936,REKOSTAV HK s.r.o.
3049,04074351,Desidera Mea s.r.o.
3053,15049752,"BW - Stavitelství, s.r.o."
3057,,Marie Szatkowská
3061,,Miluše Svobodová
3065,,Josef Novotný
3069,,MUDr. Marcela Dufková
3077,00526045,Obec Malé Žernoseky
3085,46967567,DEGAS s.r.o.
3089,45279748,KH servis  a.s.
3093,28224469,"AGAPA servis, s.r.o."
3097,25623290,"SOFTCOM GROUP, spol. s r.o."
3101,25313029,ANECT a.s.
3105,49926926,Ing. Jiří Dobšák
3113,28851731,IzoDol s.r.o.
3117,60751983,Wera Werk s.r.o.
3121,,Alena Krupková
3125,00275964,Obec Olešnice
3129,,Miroslav Stehlík
3133,,Jaroslava Bartoňová
3141,,Zdenka Unčovská
3145,,Mgr. Jindřich Fajfr
3149,26485524,"Dallmayr Vending & Office, k.s."
3153,45359326,"PHOENIX LV,a.s."
3157,26485524,"Dallmayr Vending & Office, k.s."
3161,26485524,"Dallmayr Vending & Office, k.s."
3165,26485524,"Dallmayr Vending & Office, k.s."
3169,61860476,Sodexo Pass Česká republika a.s.
3173,26485524,"Dallmayr Vending & Office, k.s."
3177,45359326,"PHOENIX LV,a.s."
3185,26735865,"Alpiq Generation, s.r.o."
3189,,Vilém Kabrna
3193,,Dis. Matěj Benc
3197,19010290,"PHARMOS,a.s."
3201,14707420,Alliance Healthcare
3205,45359326,"PHOENIX LV,a.s."
3209,,"Českomoravská stavební spořitelna, a.s."
3213,63834197,Technická správa komunikací hl.m.Prahy
3217,00565474,BAYER s.r.o.
3233,03699056,PamReko s.r.o.
3237,24745391,Edenred CZ s.r.o.
3241,26293102,OLMAN SERVICE s.r.o.
3245,,Tělocvičná jednota Sokol Jablonec nad Nisou - Sportcentrum
3249,10094008,Stojnov Vladimír
3253,28971884,Novit s.r.o.
3257,,František Kubišta
3261,,Zdeněk Žilka
3265,,Alexandr Růžička
3277,25212079,MARBES CONSULTING s.r.o.
3281,62242105,SILNICE GROUP a.s.
3285,01133331,Kučera Jakub
3289,,Stavební bytové družstvo Dobříš
3293,41691121,EL-EX spol. s r.o.
3297,27068641,"Olympus Czech Group, s.r.o., člen koncernu"
3301,,Stavební bytové družstvo Dobříš
3305,26349825,"AYIN, s.r.o."
3309,24745391,Edenred CZ s.r.o.
3313,00260746,Město Mimoň
3317,28257162,ATICO MONEO a.s.
3321,47903317,AV Pro v.o.s.
3329,28721641,LASK s.r.o.
3333,45359326,"PHOENIX LV,a.s."
3337,,Ladislav Novák
3341,24119393,"Bracco Imaging Czech, s.r.o."
3345,00854671,Obec Horka u Staré Paky
3353,00064581,Hlavní město Praha
3357,63834197,Technická správa komunikací hl.m.Prahy
3361,25598074,"AD 7, spol. s r.o."
3365,00237981,Katusice
3369,02604795,ALPINE Bau CZ a.s.
3373,00275689,Obec Háje nad Jizerou
3377,04540999,SkyCom online s.r.o.
3381,27716872,"Režňák, s.r.o."
3385,,Obec Hodice
3389,,Obec Trnava
3393,,Obec Moravec
3397,,Obec Zhoř
3401,,Městys Rokytnice nad Rokytnou
3405,,Obec Lipnice nad Sázavou
3409,00486078,MEDIS Holding a.s.
3413,,Obec Valeč
3417,,Městys Nová Cerekev
3421,,Obec Valdíkov
3425,,Obec Výčapy
3429,,Obec Blízkov
3433,,Městys Rokytnice nad Rokytnou
3437,,Obec Dolní Lažany
3441,25401343,"SYBAN, s.r.o."
3445,27181278,"ATEM - Ateliér ekologických modelů, s.r.o."
3449,,Obec Pikárec
3453,,Obec Radenice
3457,,Obec Netín
3469,25311883,KORA - VODOSTAVING s.r.o.
3473,03567834,SYZA s.r.o.
3477,25715909,AMI Praha a.s.
3481,28304977,"Apollo Service Agency, s.r.o."
3485,28304977,"Apollo Service Agency, s.r.o."
3489,28304977,"Apollo Service Agency, s.r.o."
3493,40336539,Grešák Rastislav
3497,26916631,"SPAME, s.r.o."
3501,26916631,"SPAME, s.r.o."
3505,46792635,Jan Heran
3509,47284731,CDS holding s.r.o.
3513,41193598,ContiTrade Services s.r.o.
3517,47284731,CDS holding s.r.o.
3521,46347526,AQUATIS a.s.
3525,29164010,TRACOR CZ s.r.o.
3529,,Obchodní tajemství
3533,49904884,"1.jizerskohorská stavební společnost, s.r.o."
3537,47675934,Perfect Distribution a.s.
3541,47675934,Perfect Distribution a.s.
3549,49617052,ROCHE s.r.o.
3553,29360846,IVENT PRO s.r.o.
3557,61860476,Sodexo Pass Česká republika a.s.
3569,68416300,Jaroslav Lizner
3573,47675934,Perfect Distribution a.s.
3577,45359326,"PHOENIX LV,a.s."
3581,25816179,PODA a.s.
3585,,JASY Vsetín s.r.o.
3589,02437406,SMAPRO design s.r.o.
3593,,JASY Vsetín s.r.o.
3597,48399477,"TM  Stav, spol. s r.o."
3605,45359326,"PHOENIX LV,a.s."
3609,01711229,Kricner s.r.o.
3613,27094987,CHEIRÓN a.s.
3621,43005560,Porr a.s.
3629,00020729,Státní fond životního prostředí České republiky
3633,25352776,KAR-mobil s.r.o.
3637,,Jiří Strážnický
3637,,"Ivana Strážnická, Dis."
3641,,Jakub Švorčík
3641,,Marta Švorčíková
3645,,Mgr. Pavel Římovský
3645,,Mgr. Marie Římovská
3649,,Ing. Markéta Kovaříková
3649,,Radim Kovařík
3653,,Vlastimil Polášek
3653,,Jana Polášková
3657,,Lenka Tomšů
3657,,Petr Jursík
3661,,Miroslav Bartončík
3661,,Mgr. Veronika Bartončíková
3665,,Miroslav Kupec
3665,,Darja Kupcová
3669,,Ing. Tomáš Monček
3673,,Štěpán Kyrsch
3677,26050226,KAVEX Bohemia s.r.o.
3681,12742520,Jiří Halčař
3689,60838744,STRABAG a.s.
3693,45536058,Geodézie Východní Čechy spol. s r.o.
3697,46744941,Obec Dlouhý Most
3701,25823027,HAUSING s.r.o.
3705,67072526,KERA PROFI
3709,29029210,Energy Benefit Centre a.s.
3713,00275662,Obec Čistá u Horek
3717,25535391,MCS plus spol. s r.o.
3721,10626522,Ing. Pavel Orlík
3725,00844004,Psychiatrická nemocnice v Opavě
3729,"04048954,04937139","KP REAL SOLICITATION s.r.o., Venkato Invest s.r.o."
3737,,PRIMA spol. s r.o.
3741,41031024,EKOZIS spol. s r. o.
3745,48391531,"Projekt 2010, s.r.o."
3749,03957209,Rychle a odborně s.r.o.
3753,00275905,MĚSTO LOMNICE NAD POPELKOU
3757,62913671,Le Cheque Déjeuner s.r.o.
3769,49452959,"WINSTON Production, s.r.o."
3773,00262978,STATUTÁRNÍ MĚSTO LIBEREC
3777,49453653,"Prototypa-ZM, s.r.o."
3785,48038687,"OMV Česká republika, s.r.o."
3789,,Obec Nová Ves
3793,,Obec Markvartice
3797,,Obec Vyskytná
3801,,Obec Nový Telečkov
3805,,Obec Hořepník
3809,28316363,Air Tech Servis s.r.o.
3813,13124871,Václav Průcha
3817,00000205,"Vojenské lesy a statky ČR, s.p."
3821,13307517,Václav Vinš
3825,28633652,Vidaron a.s.
3833,,Obec Pavlov
3837,,Obec Jiřice
3841,,Obec Rovečné
3845,,Obec Okřešice
3849,,Městys Opatov
3853,48117153,SIAD Czech spol. s r.o.
3857,24308480,VUES Brno s.r.o.
3861,62414402,Purum s.r.o.
3869,28162471,Interier Říčany a.s.
3873,27450376,"MarkIT.cz, s.r.o."
3877,49453653,"Prototypa-ZM, s.r.o."
3881,48108375,"AV MEDIA, a.s."
3885,30224349,"Decon, spol. s r.o."
3889,64583562,Medtronic Czechia s.r.o.
3893,,Obec Přeckov
3901,,Obec Předín
3905,47473266,ALTER s.r.o.
3909,,Obec Kojatice
3913,,Obec Radkovice u Hrotovic
3917,,Obec Urbanov
3921,27246175,PRINT PRODUKCE PRAHA s.r.o.
3925,,TJ VTŽ Chomutov
3929,,MUDr. SOŇA PROCHÁZKOVÁ
3933,,Obec Černíč
3937,,Obec Spělkov
3941,,Městys Stará Říše
3945,,Obec Markvartice
3949,14706636,"LECO Instrumente Plzeň, spol. s r. o."
3953,25855581,JANKOSTAV s.r.o.
3957,45317054,"Komerční banka, a.s."
3961,00293881,Město Znojmo
3965,46344942,"GEOtest, a.s."
3969,26427389,Alcon Pharmaceuticals (Czech Republic) s.r.o.
3973,28650859,"NEUROLKA s.r.o., MUDr. Jan Žwak"
3977,46344942,"GEOtest, a.s."
3981,,Městys Stonařov
3985,,Město Náměšť nad Oslavou
3989,,Město Nové Město na Moravě
3993,,Město Třebíč
3997,28426525,"Glomex MS, s.r.o."
4001,,Obec Litovany
4005,,Obec Čechtín
4009,,Obec Bítovčice
4013,70994218,"Základní škola a Mateřská škola Brno, Zeiberlichova 49, příspěvková organizace"
4017,47125781,"AUVIEX, s.r.o."
4025,04366344,Spolek Concept Art Organising
4029,705521/0052,Pachmanová
4033,26517213,Z.s. TAP
4037,00565474,BAYER s.r.o.
4041,,fyzická osoba
4045,29029210,Energy Benefit Centre a.s.
4049,,fyzická osoba
4057,26843935,"Z + M Partner, spol. s r.o."
4061,61860476,Sodexo Pass Česká republika a.s.
4065,47676795,AutoCont CZ a.s.
4069,40755592,BBM spol. s r. o.
4073,00001350,"Československá obchodní banka, a. s."
4077,28819446,"Gared, s. r. o."
4081,60467053,Trost auto servis technik s.r.o.
4085,26067340,PANEL SERVIS s.r.o
4089,27533085,"STAVIDLO, s.r.o."
4093,66910528,Vít Musil
4101,26942097,OBALY VYSOČINA s.r.o.
4109,62502034,BÜROPROFI s.r.o.
4113,48586285,B. Braun Medical s.r.o.
4117,,"ČEZ Distribuce, a.s."
4125,60823020,Kučera Roman - stavitelství
4133,,"ČEZ Distribuce, a.s."
4137,00007064,MV - generální ředitelství HZS ČR
4145,,Metso Austria GmbH
4149,05146968,JEZDECKÝ AREÁL OLYMPIA s.r.o.
4157,27660940,Požární bezpečnost s.r.o.
4161,10177604,Richard Čálek
4165,26233983,LESpor s.r.o.
4169,27199941,"JH Computer, s.r.o."
4173,26548526,"POST BELLUM,  o.p.s."
4177,00856096,Základní umělecká škola Semily
4181,70188408,"Základní škola praktická a speciální Semily, příspěvková organizace"
4185,03080323,Asif Iqbal
4189,70939322,"Mateřská škola Treperka Semily, příspěvková organizace"
4193,27916693,CCS Česká společnost pro platební karty s.r.o.
4197,46348620,Bross spol. s r.o.
4201,47958901,Tibor Polgár
4205,67534848,Jan Kužel
4209,87064308,Jan Pospíchal
4213,49969641,"K.E.I. GROUP, s.r.o."
4221,60701200,DOPAZ s.r.o.
4225,26083175,Gastop s.r.o.
4229,25853601,"A - Z služby škole, s.r.o."
4233,24745391,Edenred CZ s.r.o.
4237,,Městys Nová Říše
4241,,Obec Řásná
4245,27256464,"Červenka Bohumil - BČ, s.r.o."
4249,40767213,MEDIA MARKET
4253,45310815,"FITAZ, s. r. o."
4261,,Obec Hartvíkovice
4265,26765306,"BARVY A LAKY HOSTIVAŘ, a.s."
4269,61860476,Sodexo Pass Česká republika a.s.
4273,02862051,RODA construction s.r.o.
4277,41035704,"STASPO, spol. s r.o."
4281,29443962,BERITH & PITŘÍK s.r.o.
4285,40763439,"Pontex, spol. s r.o. (Pontex Consulting Engineers, Ltd.)"
4289,,Obec Těmice
4293,,Obec Olešná
4301,03080323,Asif Iqbal
4305,45807175,Arte spol. s r. o.
4309,,Obec Ježov
4313,,Obec Veselá
4317,,Obec Ondřejov
4321,25059394,ATALIAN CZ s.r.o.
4325,,Obec Nová Buková
4329,,Obec Častrov
4333,26658437,"VIZ - CENTRUM ""spolek"""
4337,71187081,Mikroregion Ivančicko
4341,,Obec Hojanovice
4345,,Obec Čejov
4349,,Obec Milasín
4353,,Obec Ujčov
4357,65174798,Karel Blšták
4361,40056210,Miloslava Procházková AVANTI
4365,49629549,Česká společnost ornitologická
4369,22675256,CDU SPORT - VOLNÝ ČAS z.s.
4373,15030261,"ORSIA, spol. s r. o."
4377,60109581,R.D.Engineering s.r.o.
4381,25383370,"COPY STAR, s.r.o."
4385,26177005,"COLAS CZ, a.s."
4389,28650859,"NEUROLKA s.r.o., MUDr. Jan Žwak"
4393,14707420,Alliance Healthcare
4397,45275718,"TRANSTECHNIK CS,spol. s r.o."
4401,28312767,K a P O - plus s.r.o.
4405,88714616,Vlastimil Schwenzner
4409,25317628,"FIRESTA-Fišer, rekonstrukce, stavby a.s."
4413,25317628,"FIRESTA-Fišer, rekonstrukce, stavby a.s."
4421,27490297,"MERCEL, cutting knives, s.r.o."
4425,25851012,"ALLI servis, s.r.o."
4429,40767213,MEDIA MARKET
4433,48035599,SWIETELSKY stavební s.r.o.
4437,70815089,"ICOS Český Krumlov, o. p. s."
4441,25851012,"ALLI servis, s.r.o."
4449,45145300,SEPLYKO s.r.o.
4453,40767213,MEDIA MARKET
4457,,MSS-projekt s.r.o.
4465,70815089,"ICOS Český Krumlov, o. p. s."
4469,00259411,Obec Krajková
4473,25851012,"ALLI servis, s.r.o."
4477,27256464,"Červenka Bohumil - BČ, s.r.o."
4481,27567575,AUTOBOND GROUP a.s.
4485,40767213,MEDIA MARKET
4489,25851012,"ALLI servis, s.r.o."
4493,48117153,SIAD Czech spol. s r.o.
4501,03080323,Asif Iqbal
4505,61860476,Sodexo Pass Česká republika a.s.
4509,12697281,Libor Václavík - LIBROS
4513,25692810,SUPER-KRETE CZECH s.r.o.
4517,45310815,"FITAZ, s. r. o."
4521,25879243,"ITAGE,spol.s.r.o."
4525,27686779,KmNet s.r.o.
4529,25583735,SPIN SERVIS s.r.o.
4533,27774996,"PANGEA CZ, s.r.o."
4537,72910020,David Klaban - zednictví
4545,25383370,"COPY STAR, s.r.o."
4549,03080323,Asif Iqbal
4553,28504054,MISS DEAF s.r.o.
4557,73536776,Ondřej Vaněk
4561,13209469,Ing. František Kujan
4569,11207191,Ing. Karel Pěknice
4573,28743466,LIMPA s.r.o.
4577,27772616,TCM TransCom Group s.r.o.
4581,25403460,ARMEX OIL s.r.o.
4585,03080323,Asif Iqbal
4589,,MDI Energy s.r.o.
4593,61860476,Sodexo Pass Česká republika a.s.
4597,28785835,HLAVATÝ - VOJTÍŠEK s.r.o.
4601,25079140,Technické služby ochrany ovzduší Praha  a.s.
4605,48290718,"DHK Baník Most, s.r.o."
4609,004436831,Meatway s.r.o.
4613,,"""VSACAN"" - Vsetín"
4617,25778161,UNIVERSAL PRO s.r.o.
4621,,Leopold Habermann
4621,,Jiřina Habermannová
4629,03080323,Asif Iqbal
4633,00261181,Město Benešov nad Ploučnicí
4641,18423027,Mgr. David Fischer
4645,,"UNITED 3P, z.s."
4649,41205618,Stanislav Kubiczek
4653,14707420,Alliance Healthcare
4657,25255819,Okrouhlický s. r. o.
4661,24119393,"Bracco Imaging Czech, s.r.o."
4665,24745391,Edenred CZ s.r.o.
4669,26475821,"Genomac výzkumný ústav, s.r.o."
4677,03497313,RADIOHOUSE s.r.o.
4689,24745391,Edenred CZ s.r.o.
4693,24745391,Edenred CZ s.r.o.
4697,24745391,Edenred CZ s.r.o.
4701,48887528,Jiří Mejzlík
4705,,"3 Tech., s.r.o., Jihlavská brána 3/8, 674 01 Třebíč"
4709,64254577,MEDESA s.r.o.
4713,25765647,SPEED PRESS Plus a.s.
4717,18776787,Marek Václav
4721,29268826,"ICT Energo, s.r.o."
4725,27273733,"CESAR TRADE, s. r. o."
4729,18626971,MERCK spol. s.r.o.
4733,26849305,CARPNEU s.r.o.
4737,43004351,BRISTOL-MYERS SQUIBB
4741,70946078,"Krajská správa silnic LK, p.o."
4745,45359326,"PHOENIX LV,a.s."
4749,24179361,PREDYS s. r. o.
4753,48111198,ACTIVA spol. s r.o.
4757,14707420,Alliance Healthcare
4761,44848200,SANOFI-AVENTIS  s.r.o
4765,25536699,"VESNA INTERIORS, s.r.o."
4769,00250627,Město Prachatice
4773,45788677,COM-TIP s.r.o.
4777,49098306,"Poliklinika Železný Brod, společnost s ručením omezeným (s.r.o.)"
4781,48681911,Mudr. Dobroslava Hakenová
4785,24745391,Edenred CZ s.r.o.
4789,19010729,"KLÍČE - ZÁMKY - TREZORY   Urbanec a spol., s.r.o."
4793,25858629,"Čížek & Ptašek, s.r.o."
4797,60719877,CARDION s.r.o.
4801,25613642,TEMAMEDICA a.s.
4805,49976770,"Mediform, spol. s r.o."
4809,60719877,CARDION s.r.o.
4813,12666068,Petr Ptašek
4817,60719877,CARDION s.r.o.
4821,25635972,Boston Scientific Česká republika s.r.o.
4825,25831178,"JC TRANS, s.r.o."
4829,28620810,Uneco optima s.r.o.
4833,64617874,STAMONT - POZEMNÍ STAVITELSTVÍ s.r.o.
4837,27274535,"STRIX Chomutov, a.s."
4841,00260428,Město Česká Lípa
4845,00275778,MĚSTO JABLONEC NAD JIZEROU
4849,00262854,Město Hrádek nad Nisou
4853,00263303,Obec Všelibice
4857,,"Nemocnice Třebíč, PO"
4861,,Nemocnice Třebíč
4865,,Nemocnice Třebíč
4869,74362364,Zbyněk Veldamon
4873,45475725,"A - projekt, s.r.o."
4877,03633179,RM - Domino s.r.o.
4881,,Mgr. Marcela Šimková
4881,,Ing. Vladimír Šimek
4885,,Filip Velecký
4885,,Kamila Vítková
4885,,Magda Mošťková
4889,,Josef Malek
4893,,"Ing. Zbyněk Sušil, MSc"
4893,,Naděžda Václavíková
4893,,Helena Daňková
4897,26816121,CANIS SAFETY a.s.
4905,,"MARSH, s.r.o."
4909,24799629,"Proact Czech Republic, s.r.o."
4913,00179230,Psychiatrická nemocnice Havlíčkův Brod
4917,00179230,Psychiatrická nemocnice Havlíčkův Brod
4921,00511951,Nemocnice Pelhřimov
4925,,"MARSH, s.r.o."
4929,00179540,"Nemocnice Havlíčkův Brod, p.o."
4933,,"MARSH, s.r.o."
4937,00179540,"Nemocnice Havlíčkův Brod, p.o."
4941,48949566,Velo MTB s.r.o.
4945,64574296,"ITTEC, s.r.o."
4949,26528088,Sportovní hokejový klub mládeže Hodonín
4953,27073157,AGROMEX s.r.o.
4957,60193492,"Pražská plynárenská, a.s."
4961,26444569,AUTODÍLY ŠPINDLER HOLDING a.s.
4965,,"Aon Central and Eastern Europe, a.s."
4969,61977306,"CS21 Nextnet, s.r.o."
4973,49419340,ŠIN - MU Hodonín
4977,69653470,"Klub sportovního potápění Najada Hodonín, pobočnýspolek SPMS"
4981,28173724,"AUTON CZ, a.s."
4985,29083036,Zítek - IP projekt s.r.o.
4989,04362896,Moravský spolek TYGŘI Brno
4993,00511951,Nemocnice Pelhřimov
4997,,Aon Central and Eastern Europe a.s.
5001,,"Aon Central and Eastern Europe, a.s."
5005,25099019,"PROMEDICA PRAHA GROUP,a.s."
5009,00216224,Masarykova univerzita
5013,47150602,"DS Správa servisů, s.r.o."
5021,27761827,Car and Truck s.r.o.
5029,00179230,Psychiatrická nemocnice Havlíčkův Brod
5033,,Eva Jurková
5045,03921921,VYKRUT zahradní služby a.s.
5045,47667036,"BESTON, spol. s r.o."
5049,275 97 075,Unipetrol RPA s. r. o.
5057,26052083,Autosalon Kudrna CZ a.s.
5061,,"Mgr. Peter Janků, PhD."
5065,65408781,I.T.A.-Intertact s.r.o.
5069,24745391,Edenred CZ s.r.o.
5073,62913671,Le Cheque Déjeuner s.r.o.
5077,25063138,OMNIPOL a.s.
5081,45274924,"EUROVIA CS, a.s."
5085,25590511,"STEELMET, s.r.o."
5089,24745391,Edenred CZ s.r.o.
5093,41327837,"ŠEBESTA VHS, v.o.s."
5097,60194120,"Pražské služby, a.s."
5101,22801936,"DESIGN 4 - projekty staveb, s.r.o."
5109,27817725,TMR-lepidla-tmely-spreje-nářadí s.r.o.
5113,61504297,"L D Aviation Prague, s.r.o."
5117,02685183,Building Expert s.r.o.
5121,26272211,Serviscentrum Vysočina s.r.o.
5125,00100340,"Střední odborná škola a Střední odborné učiliště podnikání a služeb, Jablunkov,Školní 416, příspěvková organizace"
5125,26849631,ZOWADA s.r.o.
5129,28094361,"ARKÁDA - společnost pro obnovu a využití památek, s.r.o."
5137,27660940,Požární bezpečnost s.r.o.
5141,46960341,AUTONOVA BRNO s.r.o.
5149,60275677,Jezdecký klub BON EQUI Club Louny
5153,04928121,CZ - PODLAHY design s.r.o.
5157,,BDSTAV MORAVA s.r.o.
5161,,BDSTAV MORAVA s.r.o.
5165,04799801,"Za krásným kopcem,z.s."
5173,,sanofi-aventis s.r.o.
5177,14707420,Alliance Healthcare
5185,00426199,Oblastní spolek Českého červeného kříže Jičín
5189,26274906,"Kaiser servis, spol. s r.o."
5193,00299006,Obec Cholina
5197,25595351,"ZZM, spol. s r.o."
5201,42657482,Petr Kaláček
5205,,fyzické osoby
5209,24729035,"ČEZ Distribuce, a. s."
5213,00290629,Město Třebíč
5217,25595351,"ZZM, spol. s r.o."
5221,43381600,"Martin Kovařík, ak.soch., restaurátor"
5225,46969730,Horácké autodružstvo
5229,43381600,"Martin Kovařík, ak.soch., restaurátor"
5233,29368243,"MORAVIA COMFORT, s.r.o."
5237,28785606,"Safety Agency, s.r.o."
5241,44851057,"PHAR SERVICE, a.s."
5245,63604566,Petr Habětínek
5253,48425052,Pavel Šomek
5257,26300711,STK SLATINA a.s.
5265,00290629,Město Třebíč
5269,01768182,LX servis Group s.r.o.
5273,25526171,S - Invest CZ s.r.o.
5273,25533843,"RTS,a.s."
5277,70812853,Sdružení obcí Vysočiny z.s.p.o.
5281,47114983,"Česká pošta, s.p."
5289,25278118,OZM Research s.r.o.
5293,12702633,Lubomír Kučera
5297,25765647,SPEED PRESS Plus a.s.
5301,,Janssen-Cilag s.r.o.
5305,29266246,TENSIO TECHNOLOGY s.r.o.
5309,,Divadlo Oskara Nedbala Tábor
5313,46680748,LBE spol. s r.o.
5317,47677961,"Pila MSK, a.s."
5321,,"Edenred CZ, s.r.o."
5325,42196868,M - SILNICE a.s.
5333,43212590,MVDr. Helebrant Miloš
5337,48425753,Petr Slanina
5341,00301825,Statutární město Přerov
5345,12742520,Jiří Halčař
5349,48530166,"MALESSPOL, s.r.o."
5353,45359326,"PHOENIX LV,a.s."
5357,18453872,Miroslav Bavlšík
5361,47538856,JOHNNY SERVIS s.r.o.
5365,25105825,"PRŮMSTAV, a.s."
5369,25789872,Stavební konstrukce Vyškov a.s.
5373,45359326,"PHOENIX LV,a.s."
5377,48153672,DESIGN s.r.o.
5381,25277669,TRITON MALBA spol. s r.o.
5385,42196868,M - SILNICE a.s.
5389,24745391,Edenred CZ s.r.o.
5393,45359326,"PHOENIX LV,a.s."
5397,47676795,AutoCont CZ a.s.
5401,48201936,T.O.D.O.K spol. s r.o.
5405,70891508,Liberecký kraj
5409,,TREPEL Airport Equipment GmbH
5413,62414402,Purum s.r.o.
5417,16389158,"TJ JO NISA JABLONEC NAD NISOU, spolek"
5425,70977747,Urbanová Jitka
5429,66314771,Václav Mydlář
5437,00262587,Městský úřad Tanvald
5441,45359326,"PHOENIX LV,a.s."
5445,25053728,FOIBOS BOOKS s.r.o.
5449,00297755,Město Bílovec
5453,01810430,"INÉS Kunštát, s.r.o."
5457,00295892,Město Bruntál
5461,00300870,Město Vítkov
5465,15050050,MARHOLD a.s.
5469,64013430,Milan Staňo
5473,,"Sportovní klub FIT & FUN Ostrava, z.s."
5481,25394967,"TOMA Olomouc, a.s."
5485,00300535,Statutární město Opava
5489,27729109,AISECO s.r.o.
5497,04244320,Borry Build s.r.o.
5501,02235412,"Kulturní centrum Bílovec, příspěvková organizace"
5501,00297755,Město Bílovec
5505,69202575,Mgr. Roman Lipavský
5509,60913037,SQS Vláknová optika a.s.
5513,27560015,ENVICONS s.r.o.
5517,00845451,Městský obvod Vítkovice
5521,25361040,SPRINT TRADING s.r.o.
5521,27176118,SKALA CZ s.r.o.
5521,25765647,SPEED PRESS Plus a.s.
5521,25163272,JIH-reklamní agentura s.r.o.
5521,25308033,iMi Partner a.s.
5521,25028766,RAPRINT s.r.o.
5521,00199389,"ML Trade, s.r.o."
5525,63078236,Software602 a.s.
5529,26807947,BD STAV MORAVA s.r.o.
5533,26807947,BD STAV MORAVA s.r.o.
5537,,MUDr. Ludmila Sophová
5541,,MONIKA HIRSCHOVÁ
5545,,MUDr. OTAKAR HIRSCH
5549,22762477,Lezení do škol
5553,63080575,"ABF, a.s."
5561,27813398,REALIZACE GROUP s.r.o.
5565,00262943,Obec Křižany
5569,22858555,Ensemble Damian o.s.
5573,47976969,SULKO s. r. o.
5577,66284139,Sportovní klub Bílá stopa
5581,00176150,"Konica Minolta Business Solutions Czech, spol. s r.o."
5585,27042839,"„Stopy paměti, o.s.“"
5589,02781484,"Spolek pro Plumlovský zámek, z. s."
5593,00301493,Město Lipník nad Bečvou
5597,28557484,"Muzeum Olomoucké pevnosti, o.s."
5601,27791661,ASTRA kancelářské potřeby s.r.o.
5605,45193452,Priessnitzovy léčebné lázně a.s.
5609,61989592,Univerzita Palackého v Olomouci
5613,03338959,Czech Promoteam s.r.o.
5617,45794171,SIGMA-ALDRICH spol. s r.o.
5621,22609385,Mezinárodní šachová škola Interchess
5625,24745391,Edenred CZ s.r.o.
5629,00020699,"ČESKÝ HYDROMETEOROLOGICKÝ ÚSTAV, přísp. org."
5633,04244320,Borry Build s.r.o.
5637,26384833,Eurotherm-KV s.r.o.
5641,00275808,Město Jilemnice
5645,00845451,Městský obvod Vítkovice
5649,72197102,Milan Daniš
5653,24184241,JESA s.r.o.
5657,28994043,Ivan Rössler-umělecká agentura s.r.o.
5661,24184241,JESA s.r.o.
5665,70745978,Radek Jandovský
5669,04741111,Mudicon s.r.o.
5685,25232100,Šumavské vodovody a kanalizace a.s.
5693,27775402,JOROS s.r.o.
5697,22719423,"BOXING OSTRAVA, z.s."
5701,45349177,Šimandl s.r.o.
5705,25851136,AUTO ČECHÁK s.r.o.
5709,00570931,NADĚJE
5713,,Obec Kejžlice
5717,,Město Počátky
5721,,Obec Štěpkov
5725,,Obec Skuhrov
5729,,Obec Pavlov
5733,,Obec Přibyslavice
5737,29246954,"Way to Nature, s.r.o., Svatoplukova 1224/24, Ostrava - Vítkovice 70300"
5741,00285862,Obec Hodice
5745,64511341,"Společnost obcí pro lesní hospodaření v Náměšti nad Oslavou, s.r.o."
5749,,Obec Černíč
5753,,Obec Leškovice
5757,,Obec Lipnice nad Sázavou
5765,,"Hotel Olšanka, s.r.o."
5769,40230155,"AGORA architektonický a stavební atelier, spol. s r.o."
5773,00488615,Obec Cejle
5777,42634644,Obec Cerekvička-Rosice
5781,00248746,Obec Obrataň
5785,00295205,Obec Radešínská Svratka
5789,00511242,Obec Lesná
5793,00295353,Obec Řečice
5797,25855506,HAOSPOL s.r.o.
5801,00289922,Městys Mohelno
5805,00294306,Obec Herálec
5809,00286079,Městys Kamenice
5813,00290068,Městys Opatov
5817,00247936,Obec Cetoraz
5821,00286079,Městys Kamenice
5825,00475840,Obec Ježov
5829,00378046,Obec Lesůňky
5833,00268119,Obec Příseka
5837,00295451,Městys Sněžné
5841,00289540,Obec Jinošov
5845,00285668,Město Brtnice
5849,45399298,František Smitka - Dřevovýroba
5853,00376850,Obec Hodov
5857,00376850,Obec Hodov
5861,27872947,DAVA - CZ s.r.o.
5865,47113685,Enrico Alinče
5869,70745978,Radek Jandovský
5873,48362697,WAKAN TOPA v.o.s.
5877,87705443,Michal Illich
5881,26562391,Plzeňští - spolek šermířů a přátel historie
5885,24807907,FUTURIA s.r.o.
5893,04250150,"Nemocnice v Semilech, s. r. o."
5897,60838744,STRABAG a.s.
5901,14707420,Alliance Healthcare
5905,14707420,Alliance Healthcare
5909,24745391,Edenred CZ s.r.o.
5913,24745391,Edenred CZ s.r.o.
5917,28301200,MKA Service s.r.o.
5921,60775891,"STK nákladních vozidel Olomouc, s.r.o."
5925,25322303,FORTE a.s.
5929,,Lukáš Oliva
5933,,MACROGEN INC.
5937,00670863,APM Automotive s.r.o.
5941,24171816,AITOM Digital s.r.o.
5945,26078201,EON Energie a.s.
5949,26078201,EON Energie a.s.
5953,24128376,"Amper Market, a.s."
5957,26223155,PODHORAN LUKOV a.s.
5961,26704277,"Opava Development Company, a.s."
5965,00544957,AGROTEC a.s.
5969,24745391,Edenred CZ s.r.o.
5973,03935418,XT s.r.o.
5981,25629646,"TEVA Pharmaceuticals CR, s.r.o."
5985,63672626,INGAS PRAHA  spol. s r.o.
5989,19010290,"PHARMOS,a.s."
5993,25629646,"TEVA Pharmaceuticals CR, s.r.o."
5997,16052188,Karel Neumann
6001,76141390,Ing. Ondřej Musil
6005,28690133,Stavební firma Marek Kopinec s.r.o.
6009,26375869,VAK SERVIS s.r.o.
6017,02279401,Služby Morava s.r.o.
6021,49551655,"TOI TOI, sanitární systémy, s r.o."
6025,49971379,MSO servis spol. s r.o.
6029,45359326,"PHOENIX LV,a.s."
6033,45359326,"PHOENIX LV,a.s."
6037,00672025,Obec Jindřichovice pod Smrkem
6045,75082241,Regionální rada regionu soudržnosti Jihovýchod
6049,02604795,ALPINE Bau CZ a.s.
6053,25269844,METRODIS s.r.o.
6057,27117804,"AMGEN,s.r.o."
6061,24745391,Edenred CZ s.r.o.
6065,42340586,M.G.P. spol. s r.o.
6069,18240160,ARTEO CZ s.r.o.
6073,25095145,"Abbott Laboratories, s.r.o."
6077,49976770,"Mediform, spol. s r.o."
6085,25135228,Fresenius Kabi s.r.o.
6089,00565474,BAYER s.r.o.
6097,49617052,ROCHE s.r.o.
6101,49617052,ROCHE s.r.o.
6105,86998111,Firma H + T
6109,44848200,SANOFI-AVENTIS  s.r.o
6113,25223224,"IKA FINAL, spol. s r.o."
6117,47544023,"HQ Kontakt, spol. s r.o."
6121,14707420,Alliance Healthcare
6125,00135143,ZÁLESÍ a.s.
6129,15337880,Karel Jandák
6133,45359326,"PHOENIX LV,a.s."
6137,45359326,"PHOENIX LV,a.s."
6141,45359326,"PHOENIX LV,a.s."
6149,45359326,"PHOENIX LV,a.s."
6153,45359326,"PHOENIX LV,a.s."
6157,44179723,Josef Sanitrák
6161,14707420,Alliance Healthcare
6165,27941931,Bazény a wellness s.r.o.
6169,14707420,Alliance Healthcare
6173,44797320,"SITEL, spol. s  r.o."
6181,25609378,GeneTiCA s.r.o.
6185,26433087,"INSTAMA, s.r.o."
6189,26026074,"MEMFIS. cz, s.r.o."
6201,00262803,Město Hejnice
6205,00262668,Obec Bílá
6209,00671991,Obec Kryštofovo Údolí
6213,00671908,Obec Svijany
6217,27775518,"DK projekt, s.r.o."
6221,24745391,Edenred CZ s.r.o.
6225,,Karin Cirhanová
6229,14864991,"Tělovýchovná jednota LIAZ Jablonec nad Nisou, o.s."
6233,00261131,MĚSTO ŽANDOV
6237,25914723,SOLARIS CZECH spol. s r.o.
6241,28233492,Beckman Coulter Česká republika s.r.o.
6245,25135228,Fresenius Kabi s.r.o.
6249,14707420,Alliance Healthcare
6253,,Petra Fortelná
6257,,Pavel Vrábel
6265,,Ondřej Sobotka
6269,14707420,Alliance Healthcare
6273,26375869,VAK SERVIS s.r.o.
6277,26456061,"TIBBIS, s.r.o."
6281,25358928,"wamp in, s.r.o."
6285,14707420,Alliance Healthcare
6289,14707420,Alliance Healthcare
6293,03921921,VYKRUT zahradní služby a.s.
6293,47667036,"BESTON, spol. s r.o."
6297,26177005,"COLAS CZ, a.s."
6301,26004216,"TONERMAX, s.r.o."
6305,47310405,"DATASOFT,spol.s.r.o."
6309,02712601,CBM CR s.r.o.
6313,14707420,Alliance Healthcare
6321,66090806,"AVZO TSČ ČR TEPLICE hrad DOUBRAVKA, p.s."
6325,03271811,REDBLOCK PROJECT s.r.o.
6333,69797111,Územní pracoviště Hradec Králové (Úřad pro zastupování státu ve věcech majetkových)
6341,63492202,"Javořice, a.s."
6345,25656635,"Pražské vodovody a kanalizace, a.s."
6349,29382661,HYDRAULICKÉ JEŘÁBY s.r.o.
6353,45359326,"PHOENIX LV,a.s."
6357,46768203,SK Sokol Brozany
6361,26579294,Historický spolek města Bíliny
6365,25826638,"GRIGAR, s.r.o."
6369,27266036,"HBAPS, s.r.o."
6373,14707420,Alliance Healthcare
6377,61974731,"Trade FIDES, a.s."
6381,14707420,Alliance Healthcare
6385,27146928,"Janssen-Cilag,s.r.o."
6389,43004351,BRISTOL-MYERS SQUIBB
6393,28233492,Beckman Coulter Česká republika s.r.o.
6397,00262625,Obec Zlatá Olešnice
6401,00262404,Obec Koberovy
6405,00262404,Obec Koberovy
6409,00672009,Obec Krásný Les
6417,00276278,Obec Všeň
6421,00262501,Obec Pěnčín
6425,41285166,Miloslav Staněk\n
6429,45317259,"Silike keramika, spol. s r.o."
6429,65993390,Ředitelství silnic a dálnic ČR
6433,00275646,Obec Bukovina u Čisté
6437,61974731,"Trade FIDES, a.s."
6441,61515914,"Junák – český skaut, středisko Dvojka Teplice,  z. s."
6445,29385920,Nextis Services s.r.o.
6449,00554740,V.O.S. INKOD - CHOMUTOV
6453,28604083,DŘEVO Rakov s.r.o.
6461,28244532,"Letiště Praha, a. s."
6465,00275760,Obec Chuchelna
6469,25099019,"PROMEDICA PRAHA GROUP,a.s."
6473,25638955,SITA CZ a.s.
6477,27712991,Kompresory a chlazení s.r.o.
6481,13642391,"ADIV, spol. s r.o."
6485,00296244,Město Moravský Beroun
6489,00299308,Statutární město Olomouc
6493,00301078,Městys Brodek u Přerova
6497,00301329,Městys Hustopeče nad Bečvou
6501,00303640,Město Zábřeh
6505,00407933,"SOS dětské vesničky, z.s."
6509,00560618,DC 90 o.p.s
6513,00636037,Obec Česká Ves
6517,24187798,WOOD FOR YOU s.r.o.
6521,00302724,Město Jeseník
6525,01693182,"Domov se zvláštním režimem Bílsko, o. p. s."
6529,66113059,LTK Teplice
6533,04150422,"Spolusetkávání Přerov, z.ú."
6537,25755277,"Člověk v tísni, o.p.s."
6541,25852957,"DĚTSKÝ KLÍČ Šumperk, o.p.s."
6545,25843907,PONTIS Šumperk o.p.s.
6549,25862294,"TyfloCentrum Olomouc, o.p.s."
6553,25900757,"Help-in,o.p.s."
6557,03903907,Netpromotion group s.r.o
6561,26533952,o.s. InternetPoradna.cz
6565,26538181,"Pro Vás, z.s."
6569,26660571,"Společnost Mana, o. p. s."
6577,26708451,"Maltézská pomoc, o.p.s."
6581,14707420,Alliance Healthcare
6585,26873265,"SOUŽITÍ 2005, o.p.s."
6589,27011801,"Azylové centrum Prostějov, o.p.s."
6593,27019896,"Žebřík, z. s."
6597,28304977,"Apollo Service Agency, s.r.o."
6601,27027864,Darmoděj z.ú.
6605,27836886,"Duševní zdraví, o.p.s."
6609,28553187,"Jsme tady, o. p. s."
6613,28633342,Dům pro seniory Uničov s.r.o.
6617,29393647,"JITRO Olomouc, o.p.s."
6621,40613411,Armáda spásy v ČR
6625,42766214,Diakonie ČCE - středisko v Sobotíně
6629,22842896,"Sportovní stáj Svobodová, z. s."
6633,44053991,"LIPKA, z.s."
6637,42766796,Charita Zábřeh
6641,44015178,Společenství Romů na Moravě Romano jekhetaniben pre Morava
6645,44159854,Charita Prostějov
6649,44936427,Charita Olomouc
6653,45180326,Charita Hranice
6657,45238642,Charita Šternberk
6661,45180270,Oblastní charita Přerov
6665,47607483,"Bílý kruh bezpečí, z.s."
6669,47997885,Charita Valašské Meziříčí
6673,47921218,Charita Konice
6677,48005894,Charita Šumperk
6681,00301825,Statutární město Přerov
6689,00301493,Město Lipník nad Bečvou
6693,60557621,Společnost Podané ruce o.p.s.
6697,60774916,Interna Zábřeh s.r.o.
6701,60339241,Charita Javorník
6705,60800691,Vojenská nemocnice Olomouc
6709,60803291,"P-centrum, spolek"
6713,61984680,Spolek Trend vozíčkářů Olomouc
6717,66111820,Thajský box a kick box TKB TEPLICE
6721,62353292,"Společnost pro podporu lidí s mentálním postižením v České republice, o.s. Okresní organizace Šumperk"
6725,63729113,SPOLU Olomouc
6729,62352946,",,Boétheia - společenství křesťanské pomoci´´"
6733,63729521,"Jasněnka, z.s."
6737,00296481,Město Zlaté Hory
6741,64988309,Zahrada 2000 o. s.
6749,66743192,o.s. KAPPA-HELP
6753,66932246,Oblastní unie neslyšících Olomouc
6761,,Miroslav a Radka Svobodovi
6765,67338763,Sdružení Most k životu
6769,68145209,"SPOLEČNĚ-JEKHETANE, o.p.s."
6773,69746338,"Pomocná ruka na pomoc starým a handicapovaným občanům, z.s."
6777,70100691,Poradna pro občanství/Občanská a lidská práva
6781,00288446,Obec Ludmírov
6785,70236445,Charita Kojetín
6789,70599858,Institut Krista Velekněze
6793,70599963,ESTER z. s.
6797,44992785,Statutární město Brno
6805,00303038,Město Mohelnice
6809,70937729,"Svaz neslyšících a nedoslýchavých v ČR, Krajská organizace Olomouckého kraje"
6813,00288632,Město Plumlov
6817,00299529,Město Šternberk
6821,71240799,ELIM - křesťanská společnost pro evangelizaci a diakonii Hranice
6825,25285122,"STAVOTHERM - PROJEKCE, spol. s r. o."
6829,27501345,RITUS s.r.o.
6829,27536441,Elektromont HB s.r.o.
6833,00288888,Obec Víceměřice
6837,73634671,Hospic na Svatém Kopečku
6841,00298794,Obec Dlouhá Loučka
6845,75095009,Středisko rané péče SPRP Olomouc
6849,00301370,Město Kojetín
6853,00299634,Město Uničov
6857,26667924,"Pamatováček, o. p. s."
6861,67985921,"Masarykův ústav a Archiv AV ČR, v. v. i."
6865,47909391,"VMS VISION, s.r.o."
6869,26259460,"Matesová Jana RNDr,v.o.s"
6873,60711361,ACE Design s.r.o
6877,29274541,MIDGARD Networks s.r.o
6881,60711361,ACE Design s.r.o
6885,,JAROSLAV FEJFAR TRANSWEB
6889,00260444,Město Doksy
6893,00260444,Město Doksy
6897,00262340,Statutární město Jablonec nad Nisou
6901,00262587,Městský úřad Tanvald
6905,00262595,Město Velké Hamry
6909,00263125,Obec Příšovice
6913,00261076,Obec Volfartice
6917,00260657,Obec Kravaře
6925,00298794,Obec Dlouhá Loučka
6929,26604205,"Masopust, z.s."
6933,48266621,"TSUNAMI, spol. s r.o."
6937,,"AdminIT, s.r.o."
6941,28633831,TECHSTAIN s.r.o.
6945,,Lubomír Veselý
6949,,"BYTservis - služby, spol. s r.o."
6953,27736091,TOMAN - pracovní oděvy s.r.o.
6957,16191242,"Biotronik Praha, s.r.o."
6961,26636328,Občanské sdružení D.R.A.K. z.s.
6965,47114983,"Česká pošta, s.p."
6969,47676795,AutoCont CZ a.s.
6973,00276057,Město Rokytnice nad Jizerou
6977,00276057,Město Rokytnice nad Jizerou
6981,,Lubomír Veselý
6985,,neuvedeno
6989,,"BYTservis - služby, spol. s r.o."
6993,24298433,"Code Creator, s.r.o."
6997,00284891,Město Hodonín
7001,62323873,Ivo Karkoška
7005,28345461,"DINASYS, s.r.o."
7013,28244532,"Letiště Praha, a. s."
7017,70659001,"Domov Kopretina Černovice, příspěvková organizace"
7021,70842612,Základní škola speciální a Praktická škola Černovice
7029,00020681,Ústav pro hospodářskou úpravu lesů
7033,25999729,TECHNICKÁ A LESNÍ SPRÁVA CHOTĚBOŘ s.r.o.
7037,546534,STYL 2000 spol. s r.o.
7053,00263141,Město Raspenava
7057,,Městys Sněžné
7061,,Město Moravské Budějovice
7065,,Obec Mladoňovice
7069,,Obec Věžnice
7073,,Obec Hněvkovice
7077,61389838,"ZÁKLADNÍ ŠKOLA  PRAHA 7, STROSSMAYEROVO NÁMĚSTÍ 4"
7081,46504621,"PRVNÍ STAVEBNÍ CHRUDIM, a.s."
7085,00565474,BAYER s.r.o.
7089,70832510,"PPP,SPC a PrŠ Žďár nad Sázavou"
7093,,Obec Lavičky
7097,,Obec Svatoslav
7101,26078201,EON Energie a.s.
7105,,Obec Rozseč
7109,,Městys Uhelná Příbram
7113,26274493,LERAM s.r.o.
7117,,Obec Horní Radslavice
7121,,Město Česká Kamenice
7129,00570931,NADĚJE
7133,00262421,Obec Kořenov
7137,00279943,Město Blansko
7145,,Obec Lhotice
7149,,Obec Kouty
7153,,Obec Bransouze
7157,,Obec Biskupice-Pulkov
7161,,Obec Koněšín
7165,46980121,"YASHICA - Plavecká škola Třebíč, provozovatel Sdružení Laguna  Mládežnická  1096 Třebíč"
7169,70890749,KruV - RS (Kraj Vysočina)
7173,70832510,"PPP,SPC a PrŠ Žďár nad Sázavou"
7177,00262781,Město Frýdlant
7181,64040411,ZO ČSOP ARMILLARIA Liberec
7185,00671959,Obec Pertoltice
7189,00275905,MĚSTO LOMNICE NAD POPELKOU
7193,00000493,"VOP CZ, s.p."
7197,15485145,Ing. Pavel Stoklasa
7201,45147647,CROY s.r.o.
7205,45147647,CROY s.r.o.
7209,25338188,Duostav KB s.r.o.
7213,64945031,"WD LUX, s.r.o."
7217,,Na základě § 5 odst. 6 ZRS vyloučeno z uveřejnění
7221,26757052,MEDIATEL  spol. s.r.o
7225,26260654,Avenier a.s.
7229,71311700,Bedřich Douda
7233,26176602,SEDLDEKOR spol. s r.o.
7237,02436647,AVETON s.r.o.
7241,70890749,KruV - RS (Kraj Vysočina)
7245,27675645,C SYSTEM CZ a.s.
7249,,Miloslav Hubatka
7253,64949681,T-mobile Czch Republic a.s.
7257,60755792,SECURITY MONIT  s.r.o
7261,72510021,Vladimíra Kneslíková - Služba škole
7265,00007064,MV - generální ředitelství HZS ČR
7273,29094127,"Klempířství, pokrývačství - TREFANEC s.r.o."
7277,28685521,PRVNÍ CHRÁNĚNÁ DÍLNA s.r.o.
7285,69610606,Společnost pro kvalitu školy o.s
7289,,Základní škola a Mateřská škola Myslibořice
7293,27709434,SPECI s.r.o
7297,64949681,T-mobile Czch Republic a.s.
7301,,"Základní škola a Mateřská škola Vyskytná, okres Pehřimov, příspěvková organizace"
7305,28501861,JABLOTRON  SECURITY  a.sl
7309,01952579,Lékárna Jugoslávská s.r.o.
7313,63480174,SCHWARTZ TECHNICKÉ PLASTY ČR s.r.o.
7317,28389638,RadioMedic s.r.o.
7321,12285447,Ing. Jaroslav Rojt
7325,29083036,Zítek - IP projekt s.r.o.
7325,00258679,Obec Dobřív
7329,63480174,SCHWARTZ TECHNICKÉ PLASTY ČR s.r.o.
7333,00256897,Obec Lužany
7337,61860476,Sodexo Pass Česká republika a.s.
7341,63480174,SCHWARTZ TECHNICKÉ PLASTY ČR s.r.o.
7345,27279618,Plošiny Rybáček s.r.o.
7349,25759761,Thuasne CR s.r.o.
7353,24745391,Edenred CZ s.r.o.
7357,18626971,MERCK spol. s.r.o.
7361,27295567,RWE GasNet s.r.o
7365,,Radek Kratochvíl
7369,70890749,KruV - RS (Kraj Vysočina)
7373,25656180,VAKOS XT a.s.
7377,43004351,BRISTOL-MYERS SQUIBB
7381,00007064,MV - generální ředitelství HZS ČR
7385,45359326,"PHOENIX LV,a.s."
7389,18848125,Karel Hrnčíř - BIOMAG
7393,45359326,"PHOENIX LV,a.s."
7397,66610702,Střední průmyslová škola Třebíč
7401,29094127,"Klempířství, pokrývačství - TREFANEC s.r.o."
7405,45359326,"PHOENIX LV,a.s."
7409,,Fyzická osoba V.T.
7413,25004638,HERKUL a.s.
7417,26833620,FT Technologies a.s.
7421,43959954,"KORAKOplus, s.r.o."
7429,24745391,Edenred CZ s.r.o.
7433,27279618,Plošiny Rybáček s.r.o.
7437,18754988,Ing. Luděk Fridrich
7441,25358928,"wamp in, s.r.o."
7445,25751018,"ELTODO-CITELUM, s.r.o."
7449,,obchodní tajemství
7453,47114983,"Česká pošta, s.p."
7457,12285447,Ing. Jaroslav Rojt
7461,48391531,"Projekt 2010, s.r.o."
7465,44963386,"Kámen Brno, spol. s r.o."
7473,02877155,FINAL KOM s.r.o.
7477,28786793,"Ing. Ivan Šír, projektování dopravních staveb, a.s."
7481,46768203,SK Sokol Brozany
7485,22823441,Česká golfová asociace hendikepovaných
7489,69601267,"PRO-BIO Svaz ekologických zemědělců, z.s."
7493,14707420,Alliance Healthcare
7497,26277760,B.Trade obalové materiály s.r.o.
7501,41189671,TOTAL ČESKÁ REPUBLIKA s.r.o.
7505,49617052,ROCHE s.r.o.
7513,25900056,PROINK  s.r.o.
7517,14707420,Alliance Healthcare
7525,25135228,Fresenius Kabi s.r.o.
7529,25922190,HAITECO CZ s.r.o.
7533,27538435,Technolen Bojanov s.r.o.
7537,42196868,M - SILNICE a.s.
7541,29094127,"Klempířství, pokrývačství - TREFANEC s.r.o."
7545,70894451,Energetický regulační úřad
7549,14597802,Miroslav Sváda
7553,44961367,T o c h á č e k spol. s r.o.
7561,47551828,Ekos ŘEVNICE s.r.o.
7569,25044419,ALICOM s.r.o.
7573,46966447,"Merci, s.r.o."
7577,47551828,Ekos ŘEVNICE s.r.o.
7581,42324254,OTIS a.s.
7585,25893076,UDI MORAVA s.r.o.
7589,69163359,Zámečnictví Jiří Kavan
7593,04055241,"JFH inženýring, s.r.o."
7601,25751018,"ELTODO-CITELUM, s.r.o."
7605,25511165,SAMOHÝL MOTOR a.s.
7609,45273201,Veronex a.s.
7613,24745391,Edenred CZ s.r.o.
7617,41196848,INPEK spol. s r.o.
7625,,Zdeněk Hlavatý
7629,,Obec Olšany
7633,25997343,"TyfloCentrum Pardubice, o.p.s."
7637,26271303,Skanska a.s.
7641,47551828,Ekos ŘEVNICE s.r.o.
7645,45742987,Ing. arch. Josef Smutný
7649,44441835,Vladimír Kropáček
7653,26787385,"UNIMETAL - engineering, s.r.o."
7657,25512455,"ERDING, a.s."
7661,60407735,Jiří Vojtíšek - AZ platová okna
7665,28639707,Sdružení TDS s.r.o.
7669,74964216,Jan Shejbal
7673,25368052,"AK plus Novostav, s.r.o."
7677,,Obec Vatín
7681,45273201,Veronex a.s.
7685,45273201,Veronex a.s.
7689,11205202,Tomáš Koupil
7693,64610250,"Městský dopravní podnik Opava, a.s."
7697,45244782,"Česká spořitelna, a.s."
7701,45244782,"Česká spořitelna, a.s."
7705,,fyzická osoba
7709,27512819,HYDRO-M s.r.o.
7713,27117804,"AMGEN,s.r.o."
7717,27909247,"TIMED, organizační složka"
7721,45244782,"Česká spořitelna, a.s."
7725,45244782,"Česká spořitelna, a.s."
7729,45244782,"Česká spořitelna, a.s."
7733,45244782,"Česká spořitelna, a.s."
7737,45244782,"Česká spořitelna, a.s."
7741,26315769,"NEW YORK M.L., s.r.o."
7745,45310815,"FITAZ, s. r. o."
7749,45310815,"FITAZ, s. r. o."
7753,00029513,"ZNAK Malá Skála, družstvo hodinářské a umělecké výroby"
7757,00092126,"Slovácké muzeum v Uherském Hradišti, příspěvková organizace"
7761,18824706,Angelini Pharma Česká republika s.r.o.
7765,,Obec Račín
7769,,Obec Pokojov
7773,18754988,Ing. Luděk Fridrich
7777,,Obec Štěpkov
7781,,Obec Újezd
7785,,Obec Lhotka
7789,00277941,OBEC CHVALEČ
7793,42657482,Petr Kaláček
7797,45273201,Veronex a.s.
7801,62913671,Le Cheque Déjeuner s.r.o.
7805,69076821,Le Thi Thanh Tam
7809,70898219,Centrum služeb pro silniční dopravu
7813,,Obec Chýstovice
7817,,Obec Chyšná
7821,,Obec Hněvkovice
7825,74614347,Martin Boček
7829,,"Bioinstitut, o.p.s."
7833,22728490,"DE.LE.VO.S., z.s."
7837,,Obec Křižánky
7841,,Obec Mirošov
7849,48033758,Auto - Poly spol. s r.o.
7857,02492245,"Ronnex Group, s.r.o."
7861,25099019,"PROMEDICA PRAHA GROUP,a.s."
7865,41613945,Radoslav Vémola
7869,25367498,INTERDEKOR HP s.r.o.
7873,26634813,KFV ROUB VÍTKOVICE
7877,,Obec Jilem
7881,,Obec Dlouhé
7885,,Obec Javorek
7889,,Obec Sudice
7893,,Obec Jeřišno
7897,11429011,Hák Miroslav Alpinservis
7909,00560901,T.J.Frenštát pod Radhoštěm o.s.
7917,47309890,"AUTO GREMOS, spol. s r.o."
7921,72242183,Milan Uxa
7925,25751018,"ELTODO-CITELUM, s.r.o."
7933,25119966,"Studio acht, spol. s r.o."
7937,26082420,Josef HOS s.r.o.
7945,14707420,Alliance Healthcare
7949,26072220,LR PRO s.r.o.
7953,18627226,Zeppelin CZ s.r.o.
7957,,Obec Krásná Hora
7961,,XP invest Praha
7965,,Obec Jiřice
7969,,Obec Koroužné
7973,24745391,Edenred CZ s.r.o.
7977,25989651,"VESELÝ &  ŽEMLIČKA, s.r.o."
7981,49684663,"TTP, spol. s r.o."
7985,46744134,Klub přátel Severáčku
7989,,Obec Kochánov
7993,60850213,Povltavská stavební společnost s.r.o.
7997,27512819,HYDRO-M s.r.o.
8001,26649322,"ČESKÁ HASIČSKÁ SPORTOVNÍ FEDERACE, o.s."
8005,25751018,"ELTODO-CITELUM, s.r.o."
8009,,Městys Česká Bělá
8013,,Obec Dolní Krupá
8017,,Obec Chrtníč
8021,,Městys Havlíčkova Borová
8025,,Obec Hurtova Lhota
8029,45273201,Veronex a.s.
8033,45195579,4 M Rožnov spol. s r. o.
8037,63113074,Svaz měst a obcí České republiky
8041,25751018,"ELTODO-CITELUM, s.r.o."
8045,40763374,"FACSON, spol. s r.o."
8049,00267449,Město Havlíčkův Brod
8053,60419466,Obec Častohostice
8057,00298077,Město Kopřivnice
8061,00300535,Statutární město Opava
8065,00300292,Město Kravaře
8073,00526622,IVAR a. s.
8077,04629531,"Péče srdcem, z.ú."
8081,19012322,FC ODRA PETŘKOVICE
8085,13643746,"Hockey club Kopřivnice, z.s."
8089,70312851,\nDance studio Ostrava
8097,22755179,Voltiž Duha
8101,61387991,"Česká florbalová unie, o. s."
8105,00094854,"Oblastní galerie Vysočiny v Jihlavě, příspěvková organizace"
8113,60803576,FOTBAL TŘINEC z.s.
8117,41031547,SAGITTARIA - Sdružení pro ochranu přírody středníMoravy
8121,25720767,LIN a.s
8125,65468431,Občanské sdružení AVE
8129,00533190,TJ Baník Karviná o.s.
8133,25833901,Česko-polská obchodní komora
8137,18827527,"Stráský, Hustý a partneři s.r.o."
8141,75125285,Dolní oblast VÍTKOVICE
8145,,Svět zábavy Michaela Marková
8153,64948251,"ALTRON, a.s."
8157,00295647,Město Velká Bíteš
8161,26441381,LMC s.r.o.
8165,00286010,Statutární město Jihlava
8169,76543210,DEF
8177,49977202,VV TOP s.r.o.
8181,,Svět zábavy Michaela Marková
8189,49977202,VV TOP s.r.o.
8193,64583562,Medtronic Czechia s.r.o.
8201,45359326,"PHOENIX LV,a.s."
8209,42727219,"CENTRUM ROŽMITÁL POD TŘEMŠÍNEM, poskytovatel sociálních služeb"
8213,02461561,Civil engineering s.r.o.
8217,25450131,"Liberecká IS, a.s."
8221,,Eduard Beke
8225,24119610,Randi Group s.r.o.
8233,44567626,DeCe COMPUTERS s.r.o.
8241,46995803,"SIMOST, s.r.o."
8245,46792635,Jan Heran
8249,25317628,"FIRESTA-Fišer, rekonstrukce, stavby a.s."
8253,,Šimečková Světlana
8265,26485524,"Dallmayr Vending & Office, k.s."
8269,60109971,INS spol. s r. o.
8273,45272441,Blue Panther s.r.o.
8277,25297899,MADOS MT s.r.o.
8281,28685521,PRVNÍ CHRÁNĚNÁ DÍLNA s.r.o.
8285,27689719,OKNOSTYL group s.r.o.
8289,27798348,ŠTERNSTAV CZ spol. s r.o.
8293,25533843,"RTS,a.s."
8297,04055241,"JFH inženýring, s.r.o."
8301,24792128,"D.I.K.Consulting, s.r.o."
8305,25860020,RQL s.r.o.
8313,,Obec Bohdalec
8317,,Obec Milíčov
8321,,Město Ledeč nad Sázavou
8325,28822765,BAMONAFT a.s.
8329,75964830,Jiří Vařeka
8333,,Obec Bílý Kámen
8337,,Obec Hladov
8341,,Obec Rouchovany
8345,,Obec Pavlínov
8349,,Obec Dolní Libochová
8353,,Obec Kotlasy
8357,,Obec Kaliště
8361,,Obec Cejle
8365,,Obec Hvězdoňovice
8369,18829503,"MIELE,spol. s r.o."
8373,63712717,Roman Winkler
8377,64510514,"Gruna, s.r.o."
8381,28244532,"Letiště Praha, a. s."
8385,12734110,Bohumil Vostál
8389,,Městys Budišov
8393,,Obec Chlístov
8397,,Obec Krahulčí
8401,27746631,TIPA Telekom plus a.s.
8405,24150401,FLASH promotion s.r.o.
8409,60775840,ZAHAS s.r.o.
8413,43256678,SKP KORNSPITZ Jablonec z.s.
8417,00258199,Město Nýřany
8421,72062339,Ordinace praktického lékaře zastoupená MUDr.Danielem Kvapilem
8425,,Obec Koberovice
8429,,Obec Jinošov
8433,14707420,Alliance Healthcare
8437,26375036,TOMAN-inženýrské sítě a.s.
8441,26694638,ORBIX s.r.o.
8445,,VAVRDA JAN
8449,25664018,BioTech a.s.
8453,69411239,"Prosapia, z.ú."
8457,46047042,Petr Fruhauf
8465,25155555,TSE CB spol. s r.o.
8469,46770321,Farní charita Lovosice
8477,27020665,"Česká leukemická skupina - pro život, občanské sdružení"
8485,47676795,AutoCont CZ a.s.
8489,75032333,Národní památkový ústav
8493,27121372,REMOEX CZ a.s.
8497,45359326,"PHOENIX LV,a.s."
8501,,"DIPRO, spol. s r.o."
8505,28085965,evocati s.r.o.
8513,00275905,MĚSTO LOMNICE NAD POPELKOU
8517,00262463,Obec Malá Skála
8521,00262307,Město Desná
8525,00262307,Město Desná
8529,00260401,Obec Brniště
8533,00275948,Obec Nová Ves nad Popelkou
8537,00263036,Město Nové Město pod Smrkem
8541,00260479,Město Dubá
8545,27675645,C SYSTEM CZ a.s.
8549,00276227,MĚSTO TURNOV
8553,00262552,Město Rychnov u Jablonce nad Nisou
8557,00276278,Obec Všeň
8561,47676795,AutoCont CZ a.s.
8565,00551317,"FREYTAG-BERNDT, spol. s r.o."
8569,27446506,Xtreme Cinemas s.r.o.
8573,25918176,M + I STUDIO spol. s r.o.
8577,71571566,Hana Císařová - BESOPOK
8581,73711870,Ing. Jiří Soukup
8585,72202327,Ing.arch. Václav Zůna
8589,,"The PrS Group, Inc"
8593,46994955,"INSTOP, spol. s r.o."
8597,47676639,"Dopravní podnik města Olomouce, a.s."
8601,46900667,Iridium spol. s e.o.
8605,24745391,Edenred CZ s.r.o.
8613,00599590,Obec Mirošov
8617,26843935,"Z + M Partner, spol. s r.o."
8621,25910027,FRANKOSPOL OFFICE s.r.o.
8633,45359326,"PHOENIX LV,a.s."
8637,01592521,BVTV s.r.o.
8641,63834197,Technická správa komunikací hl.m.Prahy
8645,27195571,D.I.SEVEN SERVICE s.r.o.
8649,29048052,ENERGY PRO s.r.o.
8653,25267027,"Zich a spol., s.r.o."
8661,48592412,"EVROPSKÁ VODNÍ DOPRAVA-SPED., s.r.o."
8665,46508147,"THT Polička, s.r.o."
8669,04673786,Nadační fond regionální fotbalové akademie Ústeckého kraje
8673,03889530,PKD PROJEKT s.r.o.
8677,27615952,FUTURA Advertising s.r.o.
8681,,LEMO Internet a.s.
8693,29141303,STŘECHY ČAPEK s.r.o.
8701,27675645,C SYSTEM CZ a.s.
8705,25793349,SUDOP PRAHA a.s.
8709,25623257,FS CODES s.r.o.
8713,62449524,Jaroslav Hejduk
8729,18381481,SIAL architekti a inženýři spol. s r.o. Liberec
8733,04748026,Motobanda Lanškrounska z.s.
8737,26115760,DRING Consulting s.r.o.
8741,49314653,"Gymnázium, Lanškroun, nám. Jana Marka Marků 113"
8749,12396729,Hana Hončíková
8753,48038687,"OMV Česká republika, s.r.o."
8757,46713301,PEMA VELKOOBCHOD s.r.o.
8769,47542098,BENZ spol.s.r.o.
8777,25141732,"ALBRA, spol. s r.o."
8781,64835286,HART - PIPE s.r.o.
8785,,Fyzická osoba M.N.
8789,63487951,YBUX s.r.o.
8793,25397087,PB SCOM s.r.o.
8797,26258412,"ELISABETH  PHARMACON, spol. s r.o."
8801,,Gundegmaa Tumurkhuyag
8805,44848200,SANOFI-AVENTIS  s.r.o
8813,27117804,"AMGEN,s.r.o."
8817,14707420,Alliance Healthcare
8821,14707420,Alliance Healthcare
8825,14707420,Alliance Healthcare
8829,25598074,"AD 7, spol. s r.o."
8837,,Zdeněk Sternberg
8841,26069156,Happy Technik s.r.o.
8845,02058529,"FK Přepeře, z.s."
8849,25579703,SEZAKO Prostějov s.r.o.
8853,00267660,Obec Kozlov
8857,27660940,Požární bezpečnost s.r.o.
8861,25931890,OMEGA tech s.r.o.
8865,00484709,Městské muzeum Lanškroun
8869,41411927,Jaroslav Žálčík
8873,45359326,"PHOENIX LV,a.s."
8877,00000493,"VOP CZ, s.p."
8881,62316443,Monika Janíčková
8889,00000493,"VOP CZ, s.p."
8893,16833651,Ing. Karel Hladký
8897,25625632,newps.cz s.r.o.
8901,26950421,HLAVA - STAVBY s.r.o.
8909,00583464,Obec Jankov
8913,00248720,Městys Nová Cerekev
8917,00583529,Obec Polesí
8921,14707420,Alliance Healthcare
8925,41189671,TOTAL ČESKÁ REPUBLIKA s.r.o.
8929,49245651,REVYKO spol s r.o.
8933,41411927,Jaroslav Žálčík
8937,00266027,Město Litvínov
8949,26950421,HLAVA - STAVBY s.r.o.
8953,28094026,PROJEKT CENTRUM NOVA s.r.o.
8957,00515949,Obec Dehtáře
8961,25312936,"KPM CONSULT, a.s."
8965,0413166055,Terumo BCT Europe N.V.
8969,65631102,Ján Bondra
8973,27909247,"TIMED, organizační složka"
8977,27108406,"Airport Systems Design Agency , spol. s r.o."
8981,25835661,"H  & B delta, s.r.o."
8985,28766423,"GOLEM Group CZ, s.r.o."
8989,70920907,ZO ČSOP Zelené Vendolí
9005,00579971,Obec Nejepín
9009,00511323,Obec Čížkov
9013,00249017,Obec Salačova Lhota
9017,00248045,Město Červená Řečice
9021,00249050,Obec Senožaty
9025,48111198,ACTIVA spol. s r.o.
9029,27704386,HONA INVESTMENT s.r.o.
9033,14707420,Alliance Healthcare
9037,25623257,FS CODES s.r.o.
9041,14707420,Alliance Healthcare
9045,27791661,ASTRA kancelářské potřeby s.r.o.
9049,64051056,NORDARCH s.r.o.
9053,28080602,LUNA PROGRESS s.r.o.
9057,14707420,Alliance Healthcare
9061,14707420,Alliance Healthcare
9065,24729035,"ČEZ Distribuce, a. s."
9065,28628250,ENPRO Energo s.r.o.
9073,00268453,Obec Věž
9077,25084526,"M 3000, a.s."
9081,64088421,T - SAFE s.r.o.
9085,00295329,Obec Rožná
9089,00295281,Obec Rovečné
9093,00268445,Obec Veselý Žďár
9097,28608909,"ATRIS, s.r.o."
9101,42340586,M.G.P. spol. s r.o.
9105,,Water Sports Club
9109,25088289,"FONTANA WATERCOOLERS, s.r.o."
9113,28685521,PRVNÍ CHRÁNĚNÁ DÍLNA s.r.o.
9117,26901161,"J plus Z servis, s.r.o."
9121,00294233,Obec Dolní Rožínka
9125,28685521,PRVNÍ CHRÁNĚNÁ DÍLNA s.r.o.
9129,00547492,TJ Žďár nad Sázavou z.s.
9133,71001832,"Základní škola a mateřská škola Okrouhlice, okres Havlíčkův Brod"
9137,60701200,DOPAZ s.r.o.
9141,26233983,LESpor s.r.o.
9145,25331825,"OK servis Kaplánek, s.r.o."
9149,27675645,C SYSTEM CZ a.s.
9153,00176150,"Konica Minolta Business Solutions Czech, spol. s r.o."
9157,28776976,ZIKUDA - vodohospodářské stavby spol. s r.o.
9161,00248037,Město Černovice
9165,00289931,Město Moravské Budějovice
9169,75001047,"Základní škola Želiv, okres Pelhřimov"
9181,29018391,Medali s.r.o.
9185,03677516,Altoma HB s.r.o.
9189,25590511,"STEELMET, s.r.o."
9193,40615421,"AUDIOSCAN, spol. s r.o."
9197,44797320,"SITEL, spol. s  r.o."
9201,00267406,Město Golčův Jeníkov
9205,00289965,Město Náměšť nad Oslavou
9209,00267627,Obec Klokočov
9213,00268321,Město Světlá nad Sázavou
9217,00295451,Městys Sněžné
9225,43005403,V.J. ROUSEK spol. s r.o.
9229,49243764,BIO-RAD spol. s r.o.
9237,00286435,Město Polná
9245,00377589,Obec Kamenná
9249,00286435,Město Polná
9253,00378275,Obec Odunec
9257,04682378,OTIDEA avz s.r.o.
9261,,OSHTYADALOVA OLEKSANDRA
9265,49617052,ROCHE s.r.o.
9269,25562151,KALAHA a.s.
9273,49617052,ROCHE s.r.o.
9277,49617052,ROCHE s.r.o.
9281,49617052,ROCHE s.r.o.
9285,49617052,ROCHE s.r.o.
9289,27689310,Mikulovská rozvojová s.r.o.
9293,241229,Obec Horoměřice
9297,70940223,"Mateřská škola Třebíč, ul.Okružní, příspěvková organizace"
9301,00378607,Obec Slavičky
9305,00267996,Obec Oudoleň
9309,00376825,Obec Dědice
9313,,TYLŠAR ZDENĚK
9317,603189929,Temar spol. s r.o.
9321,74841700,Ing. Blanka Krásová
9325,24286923,"ŘEZANINA & BARTOŇ, s.r.o."
9329,25023446,"IBR Consulting, s.r.o."
9333,25839535,KMH servis s.r.o.
9337,,Karel Zims
9341,49455842,Vodárenská akciová  a.s.
9345,00001350,"Československá obchodní banka, a. s."
9349,28085400,E.On Distribuce a.s.
9353,46967851,Penam a.s.
9357,88143589,Stanislava Kostková
9361,03271811,REDBLOCK PROJECT s.r.o.
9365,25855581,JANKOSTAV s.r.o.
9377,27146928,"Janssen-Cilag,s.r.o."
9381,49711962,Accor Services CZ s. r. o.
9385,25526171,S - Invest CZ s.r.o.
9389,25501143,PTÁČEK - velkoobchod  a.s.
9401,46744282,"Tělovýchovná jednota BÍLÍ TYGŘI LIBEREC, z.s."
9405,42478430,Martin Bergl
9409,48029360,"medisap,s.r.o."
9413,01657542,"DAMIAN Investment Company Inc.CZ, s.r.o."
9417,26342057,PROLEMAX s.r.o.
9429,02141531,Medela – péče o seniory o.p.s.
9433,22691189,"Zálesácká 10 Přerov, z.s."
9437,69601267,"PRO-BIO Svaz ekologických zemědělců, z.s."
9441,00527611,"Tělovýchovná jednota Spartak Rokytnice nad Jizerou, z.s."
9445,65335775,Zbyněk Toufar
9449,745615/2858,Lišková Zuzana
9453,61386839,Dům zahraniční spolupráce
9461,49968319,"HaSaM, s.r.o."
9465,04205481,Agentura theBESTtranslation s.r.o.
9469,00266345,Obec Hrobčice
9473,27824578,MERANO a.s.
9477,00266345,Obec Hrobčice
9481,,"""Společnost ÚV HK"" - VCES a.s. a HAKOV, a.s."
9485,70890749,KruV - RS (Kraj Vysočina)
9489,,Fikar Vít JUDr.
9493,,OTAVOVÁ NADĚŽDA
9501,03569900,INTERRA BRNO s.r.o.
9505,26071584,"DŘEVOTVAR - ŘEMESLA a STAVBY, s.r.o."
9509,,Duřpek Pavel
9513,26787385,"UNIMETAL - engineering, s.r.o."
9517,65082818,Tuháček Ervín - HUBERT
9521,25250213,AGRO VYSOČINA BYSTRÉ akciová společnost
9525,,BILANSKÝ JAN
9529,14707420,Alliance Healthcare
9533,,Nakládal Michal
9537,61860476,Sodexo Pass Česká republika a.s.
9541,00565474,BAYER s.r.o.
9545,,VYMĚTALÍK FRANTIŠEK
9549,45359326,"PHOENIX LV,a.s."
9553,45359326,"PHOENIX LV,a.s."
9557,,Stanislav Martínek
9561,60192011,SODKO a.s.
9565,67545025,Smíšené zboží Kalců  Ivana Kalců
9569,,Bidvest Czech Republic a.s.ro
9573,12734284,Petr Kroupa ( prodejna potravin Družstevní ul. Třebíč)
9577,,AF-CITYPLAN s.r.o.
9581,25316761,HORIZONT VD BRNO
9585,,Číhalová Olga
9589,44848200,SANOFI-AVENTIS  s.r.o
9593,,DOUBRAVA KAREL
9597,63487977,Lesní družstvo svazu obcí s.r.o.
9601,,SCHUSTER NORBERT
9605,,ONDRÁČKOVÁ ADÉLA
9609,00176150,"Konica Minolta Business Solutions Czech, spol. s r.o."
9613,42937256,ANZA s.r.o.
9617,47450291,A G I HK spol. s r.o.
9621,70845361,"Základní škola speciální Lanškroun, Olbrachtova 206"
9625,15028216,Střední odborná škola a Střední odborné učiliště Lanškroun
9629,48173398,"Vodovody a kanalizace Jablonné nad Orlicí, a.s."
9633,68455445,"FK Jiskra Mšeno-Jablonec n. N., z.s."
9637,36515507,"JANOLI, s.r.o."
9641,48038687,"OMV Česká republika, s.r.o."
9645,48586285,B. Braun Medical s.r.o.
9657,00271888,Město Nová Paka
9661,45193525,"Těšínská tiskárna, a. s."
9665,25565532,"MIRJA, s.r.o."
9669,03585701,Nadační fond na podporu fotbalové mládeže Olomouckého kraje
9673,42727243,"Nalžovický zámek, poskytovatel sociálních služeb"
9677,47115807,ALIMPEX FOOD  a.s.
9681,67519997,Martin Dostál
9685,45330344,Veřejná informační služba  spol. s.r.o
9689,25582950,Soukromý dětský domov  s.r.o
9693,12155039,Karel Doležal Řeznictví
9697,60732202,Jihlavské potraviny  s.r.o
9701,10312218,Ondrej Schmidt  mražené potraviny
9705,14707420,Alliance Healthcare
9717,36515507,"JANOLI, s.r.o."
9721,26243334,AGRI CS a.s.
9725,46750584,"TJ Lokomotiva Česká Lípa, z.s."
9729,25145444,ICZ a.s.
9733,00219169,"ARKO TECHNOLOGY, a.s."
9737,61859575,"MORAVSKÁ VODÁRENSKÁ, a.s."
9741,46346171,"STAMOS Uherské Hradiště, spol. s r.o."
9745,28233492,Beckman Coulter Česká republika s.r.o.
9753,25135228,Fresenius Kabi s.r.o.
9757,27795152,SPEDOS Vrata a.s.
9761,243132,Město Příbram
9765,45584010,Lubomír Fildán
9769,27076601,"LUBSTAR, a.s."
9773,12918105,Ing. Jan Zeman
9781,70100691,Poradna pro občanství/Občanská a lidská práva
9785,27932524,AUSTRIA Hotels Betriebs CZ s.r.o.
9793,48041351,Grifols s.r.o.
9801,46745661,Sportovní klub stolního tenisu Liberec
9805,00063461,Městská část Praha 2
9809,04928555,Sewing Development Czech Company s.r.o.
9817,,Martin Tichý
9821,00507814,LINET spol. s.r.o.
9825,64053580,LOSAN s.r.o.
9833,26306921,"DŘEVOARTIKL, SPOL.S R.O."
9837,76378969,Tomáš Novák
9841,43005560,Porr a.s.
9845,41193113,Unikont Group s.r.o.
9849,70890749,KruV - RS (Kraj Vysočina)
9853,26810093,Bartoň a Partner s.r.o.
9861,02492245,"Ronnex Group, s.r.o."
9865,45192464,Ridera Stavební a.s.
9873,00298212,Město Nový Jičín
9877,65468562,Slezská diakonie
9881,10625453,"Skaba Eduard, Ing."
9885,44567430,"AZ Consult, spol. s r.o."
9885,45840971,"Ing. Cyril Mikyška, AŽP"
9885,63185652,Ing. Jan Kubát
9885,26954834,VZD INVEST s.r.o.
9885,27558681,MARESA s.r.o.
9889,00100552,Slezské divadlo Opava
9889,00300535,Statutární město Opava
9893,49294555,"Podkrkonošská společnost přátel dětí zdravotně postižených Semily, z. s."
9897,49294555,"Podkrkonošská společnost přátel dětí zdravotně postižených Semily, z. s."
9901,25575287,BB Creative spol. s r.o.
9905,00100552,Slezské divadlo Opava
9909,27940195,"Bláha ús, s.r.o. Výroba úložných a výstavních systémů"
9913,43487491,Ing. Jan Němeček - projekční kancelář
9913,42206855,Ing. Petr Vopata - PROLIS
9913,27487938,MDS projekt s.r.o.
9913,86992261,Ing. Jiří Ježek
9917,63185652,Ing. Jan Kubát
9917,43487491,Ing. Jan Němeček - projekční kancelář
9917,42206855,Ing. Petr Vopata - PROLIS
9917,27487938,MDS projekt s.r.o.
9917,86992261,Ing. Jiří Ježek
9921,46578706,ATLAS consulting spol. s r.o.
9925,65777867,Šutera František
9929,,obchodní tajemství
9933,29267102,"Braun SDK, s.r.o."
9941,24729035,"ČEZ Distribuce, a. s."
9957,47785977,TRANS-REGION-STAV s.r.o.
